COD,RUA,REFERENCIA,ABRIGO,LATITUDE,LONGITUDE,ROTA1,ROTA2,ROTA3,ROTA4,ROTA5,ROTA6,ROTA7,ROTA8,ROTA9,ROTA10,ROTA11,ROTA12,ROTA13
001,CAMPOS SALES,70,,-7.221078984439373,-35.874209962785244,333,555,505,003,,,,,,,,,
002,CAMPOS SALES,274,,-7.222693003714085,-35.873241014778614,333,003,505,555,,,,,,,,,
003,FERNANDES VIEIRA,449,,-7.226035036146641,-35.873269010335207,505,550,,,,,,,,,,,
004,FERNANDES VIEIRA,259,,-7.22511101514101,-35.874778004363179,505,550,,,,,,,,,,,
004,BR-230,560,SIM,-7.237944966182113,-35.866168029606342,055,550,955,,,,,,,,,,
007,BR-230,IGREJA PETENCOSTAL,SIM,-7.238891031593084,-35.864332979544997,055,550,955,,,,,,,,,,
008,SAO LUIS,154,,-7.24012803286314,-35.862023010849953,055,550,,,,,,,,,,,
009,JOSELITA BRASILEIRO,137 - OPOSTO,,-7.240329030901194,-35.863694027066231,055,550,,,,,,,,,,,
010,RANULFO GOMES DE ARAUJO,208,,-7.240374041721225,-35.865807021036744,055,550,,,,,,,,,,,
011,BR-230,TERMO-PU - OPOSTO,,-7.243101010099053,-35.85587203502655,955,,,,,,,,,,,,
012,FLORIANO PEIXOTO,OI - TELEMAR,,-7.220379011705510,-35.885555036365900,111,101,004,904,944,202,,,,,,,
013,FLORIANO PEIXOTO,FEIRA CENTRAL,SIM,-7.217510975897310,-35.879532974213300,111,101,,,,,,,,,,,
014,JANUNCIO FERREIRA,CASA CORAL,SIM,-7.215552041307090,-35.879341028630700,111,101,,,,,,,,,,,
015,JANUNCIO FERREIRA,YPIRANGA,SIM,-7.215116014704100,-35.880980025976800,111,101,,,,,,,,,,,
016,JANUNCIO FERREIRA,ESCOLA LIONS,SIM,-7.213431000709530,-35.883446987718300,101,,,,,,,,,,,,
017,VIGOLVINO WANDERLEY,194,,-7.214123010635370,-35.885142982006000,101,,,,,,,,,,,,
018,FRANCISCO AFONSO DE ALBUQUERQUE,98,,-7.208808967843650,-35.887532997876400,101,,,,,,,,,,,,
019,FRANCISCO AFONSO DE ALBUQUERQUE,290,,-7.208434967324130,-35.886304965242700,101,,,,,,,,,,,,
020,CAPITAO ADHEMAR DE PAIVA,180,,-7.20757900737226,-35.884820027276800,101,,,,,,,,,,,,
021,NEWTON ESTILAC LEAL,219,,-7.20712898299098,-35.885549001395700,101,,,,,,,,,,,,
022,ADALTO TRAVASSOS DE MOURA,,SIM,-7.205591993406410,-35.885741030797300,101,,,,,,,,,,,,
023,ADALTO TRAVASSOS DE MOURA,424,,-7.204037988558410,-35.885392008349200,101,,,,,,,,,,,,
024,ADALTO TRAVASSOS DE MOURA,670,,-7.202240992337460,-35.884900996461500,101,,,,,,,,,,,,
025,PRESIDENTE ROOSEVELT,243,,-7.2022720053792,-35.883170971646900,101,,,,,,,,,,,,
026,PRESIDENTE ROOSEVELT,51,,-7.20276796258986,-35.881171971559500,101,,,,,,,,,,,,
027,DR. VASCONCELOS,SUCATA,,-7.199396006762981,-35.879273973405300,101,,,,,,,,,,,,
028,NACOES,ESC ANA AZEVEDO,,-7.196028996258974,-35.879571028053700,101,,,,,,,,,,,,
029,NACOES,,,-7.192379012703896,-35.88071197271340,101,,,,,,,,,,,,
030,REPUBLICA PORTUGUESA,,SIM,-7.187031023204327,-35.881342962384200,101,,,,,,,,,,,,
031,NACOES,,,-7.189367981627584,-35.881206002086400,101,,,,,,,,,,,,
032,NACOES,815,SIM,-7.191322976723313,-35.881049009039900,101,,,,,,,,,,,,
033,NACOES,625,,-7.192832976579666,-35.880666961893400,101,,,,,,,,,,,,
034,NACOES,406,,-7.194216996431351,-35.88068900629870,101,,,,,,,,,,,,
035,NACOES,175,SIM,-7.197465989738703,-35.878526978194700,101,,,,,,,,,,,,
036,MANOEL TAVARES,UPA,SIM,-7.200025990605354,-35.877134995535000,202,101,,,,,,,,,,,
037,APOLONIA AMORIM,593,SIM,-7.205013977363706,-35.875335987657300,101,,,,,,,,,,,,
038,REVERENDO AUGUSTO SANTIAGO,219 - OPOSTO,,-7.206175038591027,-35.876783961430100,101,,,,,,,,,,,,
039,FELIX CAROLINO BARBOSA,454,SIM,-7.209129994735122,-35.877199033275200,101,,,,,,,,,,,,
040,NEWTON ESTILAC LEAL,1133,,-7.209125971421599,-35.87793898768720,101,,,,,,,,,,,,
041,NEWTON ESTILAC LEAL,929,,-7.208754988387227,-35.87931202724570,111,,,,,,,,,,,,
042,ESTELITA CRUZ,615,,-7.210868988186121,-35.880124988034300,101,,,,,,,,,,,,
043,ESTELITA CRUZ,459,,-7.212132979184389,-35.880461018532500,101,,,,,,,,,,,,
044,ANTONIO CAMPOS,213,,-7.212417963892222,-35.881230980157800,101,,,,,,,,,,,,
045,JANUNCIO FERREIRA,SOLON DE LUCENA,SIM,-7.215221961960197,-35.881812013685700,111,101,955,,,,,,,,,,
046,JANUNCIO FERREIRA,JORNAL CORREIO,SIM,-7.21593601629138,-35.87903399951750,111,101,955,,,,,,,,,,
047,PRACA DA BANDEIRA,,SIM,-7.219793032854796,-35.884778033941900,101,111,,,,,,,,,,,
048,MELO LEITAO,PRACINHA,SIM,-7.222824012860656,-35.892817033454700,101,111,222,404,444,004,077,090,092,900,400,922,
049,DOM PEDRO I,480,SIM,-7.226051967591047,-35.892559038475100,111,400,404,077,090,101,902,092,901,911,900,,
050,DOM PEDRO I,MORTUARIA,,-7.227843012660742,-35.893326988443700,900,400,077,090,101,902,092,901,911,900,,,
051,ALMIRANTE BARROSO,MATERIAL DE CONSTRUCAO,SIM,-7.230092966929078,-35.89381598867470,404,400,077,090,101,902,092,901,911,900,,,
052,RIO DE JANEIRO,517,,-7.232735026627779,-35.89394498616450,400,101,,,,,,,,,,,
053,ESPÍRITO SANTO,PRACA,,-7.232666965574026,-35.892649982124500,101,,,,,,,,,,,,
054,ESPÍRITO SANTO,470,,-7.234531017020345,-35.892385030165300,101,,,,,,,,,,,,
055,ESPÍRITO SANTO,606,,-7.235541036352515,-35.892253015190300,101,,,,,,,,,,,,
056,ESPÍRITO SANTO,408,,-7.237419001758099,-35.892035001888800,101,,,,,,,,,,,,
057,ESPÍRITO SANTO,1288,,-7.240888020023704,-35.891612973064100,101,,,,,,,,,,,,
058,APRÍGIO NEPOMUCENO,,,-7.243026997894049,-35.891980016604000,101,245,,,,,,,,,,,
059,APRÍGIO NEPOMUCENO,484,,-7.243195977061987,-35.89349303394550,101,245,,,,,,,,,,,
060,SEVERINO PIMENTEL,ED. CANAA III,,-7.24425402469933,-35.893566962331500,101,245,,,,,,,,,,,
061,PEDRO OTAVIO DE FARIAS LEITE,690,,-7.245036978274584,-35.894018998369500,101,245,,,,,,,,,,,
062,GETULIO CAVALCANTE,1166,,-7.247147038578987,-35.894053028896400,101,245,,,,,,,,,,,
063,GETULIO CAVALCANTE,1626,,-7.248887959867716,-35.893853036686700,101,245,,,,,,,,,,,
064,GETULIO CAVALCANTE,1746,,-7.250136025249958,-35.893724039196900,101,245,,,,,,,,,,,
065,ARIEL DE OLIVEIRA,460,,-7.250385973602533,-35.894585028290700,101,245,,,,,,,,,,,
066,JOSE FIRMINO DA SILVA,54,,-7.251553991809487,-35.894858026877000,101,245,,,,,,,,,,,
067,JOSE FIRMINO DA SILVA,OFICINA,,-7.253425000235438,-35.894650993868700,101,111,,,,,,,,,,,
068,MANOEL ENEAS FIGUEIREDO FILHO,PONTO DE APOIO,SIM,-7.255475968122482,-35.89736002497370,101,111,,,,,,,,,,,
069,MANOEL ENEAS FIGUEIREDO FILHO,RESTAURANTE POPULAR,,-7.256444999948144,-35.896966997534000,101,111,,,,,,,,,,,
070,MANOEL ENEAS FIGUEIREDO FILHO,BAR DO PEBA,SIM,-7.256945986300707,-35.89673800393930,101,111,,,,,,,,,,,
071,MANOEL ENEAS FIGUEIREDO FILHO,OFICINA,,-7.255932027474046,-35.896854009479200,101,111,,,,,,,,,,,
072,JOSE FIRMINO DA SILVA,LAVA JATO,SIM,-7.253455007448793,-35.894529959186900,101,111,,,,,,,,,,,
073,DR. VENTURA,219,,-7.251932015642524,-35.895267985761100,101,245,,,,,,,,,,,
074,MANOEL LEONARDO GOMES,1192 - OPOSTO,,-7.251650970429182,-35.896103996783400,101,245,,,,,,,,,,,
075,MANOEL LEONARDO GOMES,05 - CIPRESA,SIM,-7.250094031915069,-35.896324021741700,101,245,,,,,,,,,,,
076,MANOEL LEONARDO GOMES,913,,-7.247302019968629,-35.896661980077600,101,245,,,,,,,,,,,
077,MANOEL LEONARDO GOMES,667A,,-7.245527990162373,-35.896854009479200,101,245,,,,,,,,,,,
078,MANOEL LEONARDO GOMES,POSTO DE SAUDE,,-7.242315961048007,-35.897224992513600,101,,,,,,,,,,,,
079,MANOEL LEONARDO GOMES,CASA DE ORACAO,,-7.240710994228721,-35.89740201830860,101,,,,,,,,,,,,
080,SEVERINO GALILEU,180,,-7.241852022707462,-35.896681006997800,101,,,,,,,,,,,,
081,SEVERINO GALILEU,360,,-7.243368979543448,-35.896495012566400,101,,,,,,,,,,,,
082,APRÍGIO NEPOMUCENO,LINS ARMARINHO,,-7.243699980899692,-35.897526992484900,101,245,,,,,,,,,,,
083,APRÍGIO NEPOMUCENO,1228,,-7.243817998096347,-35.898828031495200,101,245,,,,,,,,,,,
084,AUGUSTO BORBOREMA,480,,-7.245401004329324,-35.899212006479500,101,,,,,,,,,,,,
085,AUGUSTO BORBOREMA,414,,-7.246979987248778,-35.898938002064800,101,,,,,,,,,,,,
086,FRANCISCO ERNESTO DO REGO,2830,,-7.24747896194458,-35.900427969172500,101,,,,,,,,,,,,
087,ALMIRANTE BARROSO,1599,,-7.242697002366185,-35.901823975145800,111,077,090,900,092,922,901,911,101,,,,
088,ALMIRANTE BARROSO,PANIFICADORA SOUZA,,-7.241251962259412,-35.900853015482400,111,077,090,900,092,922,901,911,101,,,,
089,ALMIRANTE BARROSO,1043,,-7.238950962200761,-35.898878993466400,111,077,090,900,092,922,901,911,101,,,,
090,ALMIRANTE BARROSO,149,,-7.232221970334649,-35.894141960889100,111,400,077,090,901,911,092,902,922,101,,,
091,ALMIRANTE BARROSO,BORBOREMA,SIM,-7.230809032917023,-35.893797967582900,111,400,404,077,101,090,900,901,911,092,902,922,
092,DOM PEDRO I,HOSPITAL,SIM,-7.229017987847328,-35.893403012305400,111,400,404,077,101,090,900,901,911,092,902,922,944
093,DOM PEDRO I,FACULDADE DE COMUNICACAO,SIM,-7.226323038339615,-35.892530037090100,111,400,404,077,101,090,900,901,911,092,902,922,944
094,FLORIANO PEIXOTO,PREFEITURA,SIM,-7.219176962971687,-35.883015990257263,004,404,400,444,,,,,,,,,
095,BR-230,5995,SIM,-7.252281038090587,-35.836570020765066,955,,,,,,,,,,,,
096,BR-230,5725,SIM,-7.250783024355769,-35.840499037876725,955,,,,,,,,,,,,
097,FLORIANO PEIXOTO,PAGUE FACIL,,-7.218267023563385,-35.88107499293983,020,263,300,303,333,,,,,,,,
098,FLORIANO PEIXOTO,REDE COMPRAS,,-7.21808304078877,-35.880768969655037,092,500,505,550,555,055,,,,,,,
099,FLORIANO PEIXOTO,1044,,-7.217688001692295,-35.879819970577955,022,220,222,202,,,,,,,,,
100,FLORIANO PEIXOTO,1054,,-7.217594962567091,-35.879602041095495,901,911,900,090,009,,,,,,,,
101,FLORIANO PEIXOTO,1520,,-7.215876001864672,-35.876044007018209,202,003,,,,,,,,,,,
102,FLORIANO PEIXOTO,1834,,-7.21451997756958,-35.873102964833379,003,,,,,,,,,,,,
103,FLORIANO PEIXOTO,1726 - OPOSTO,,-7.214802028611302,-35.874166963621974,003,,,,,,,,,,,,
104,FLORIANO PEIXOTO,1461,,-7.21587298437953,-35.876393029466271,003,,,,,,,,,,,,
105,FLORIANO PEIXOTO,JUIZADO DO CONSUMIDOR,,-7.219114014878869,-35.883358977735043,903,,,,,,,,,,,,
106,FLORIANO PEIXOTO,DAMAS,SIM,-7.220322014763951,-35.885846978053451,660,066,263,222,,,,,,,,,
107,ANTONIO JOSE RODRIGUES,292 - OPOSTO,,-7.232785988599062,-35.865275021642447,055,,,,,,,,,,,,
108,FLORIANO PEIXOTO,289E,,-7.22042603418231,-35.886013023555279,004,404,444,945,,,,,,,,,
109,FLORIANO PEIXOTO,REAL CLUBE,SIM,-7.223939979448915,-35.893642986193299,220,500,555,066,263,022,660,202,,,,,
110,FLORIANO PEIXOTO,HELENO CABELEREIRO,SIM,-7.226473996415734,-35.899007990956306,066,263,660,222,550,202,022,,,,,,
111,FLORIANO PEIXOTO,1640,,-7.228187005966902,-35.902856038883328,066,263,660,222,550,202,022,,,,,,
112,FLORIANO PEIXOTO,MULTI CAR - OPOSTO,SIM,-7.230028007179499,-35.907143969088793,066,263,660,220,222,,,,,,,,
113,FLORIANO PEIXOTO,2380,SIM,-7.23089100793004,-35.909094018861651,066,263,660,220,222,,,,,,,,
114,FLORIANO PEIXOTO,VERBO DA VIDA - OPOSTO,,-7.233152026310563,-35.914154006168246,220,660,,,,,,,,,,,
115,FLORIANO PEIXOTO,IGREJA EVANGELICA,,-7.234217030927539,-35.916621973738074,220,660,,,,,,,,,,,
116,FLORIANO PEIXOTO,MAXXI ATACADO,SIM,-7.234845003113151,-35.918043041601777,220,660,,,,,,,,,,,
117,FLORIANO PEIXOTO,4060,SIM,-7.23682296462357,-35.922676976770163,220,660,,,,,,,,,,,
118,FLORIANO PEIXOTO,4130,,-7.238340005278587,-35.926131997257471,220,022,,,,,,,,,,,
119,FLORIANO PEIXOTO,BAR SURUBIM - OPOSTO,,-7.238983986899257,-35.92765599489212,220,022,,,,,,,,,,,
120,FLORIANO PEIXOTO,HOSPITAL DE TRAUMA,SIM,-7.240465991199017,-35.931123001500964,220,022,,,,,,,,,,,
121,ANTONIO JOSE RODRIGUES,45,,-7.231111032888293,-35.86670002900064,055,,,,,,,,,,,,
122,FLORIANO PEIXOTO,BAR SURUBIM,,-7.239194037392736,-35.927593968808651,220,022,,,,,,,,,,,
123,FLORIANO PEIXOTO,17,,-7.238525999709964,-35.926066031679511,220,022,,,,,,,,,,,
124,FLORIANO PEIXOTO,08,SIM,-7.237103004008532,-35.922850985080004,022,066,,,,,,,,,,,
125,FLORIANO PEIXOTO,14B,SIM,-7.236501015722752,-35.921370992437005,022,066,,,,,,,,,,,
126,FLORIANO PEIXOTO,MEGA NORDESTE,SIM,-7.235221015289426,-35.918448977172375,022,066,,,,,,,,,,,
127,FLORIANO PEIXOTO,FAVELA DO PAPELAO,,-7.233501970767975,-35.914534041658044,022,066,,,,,,,,,,,
128,FLORIANO PEIXOTO,RHEMA,SIM,-7.232992015779018,-35.913394019007683,022,066,,,,,,,,,,,
129,FLORIANO PEIXOTO,2693,,-7.232174025848508,-35.91156299225986,066,022,,,,,,,,,,,
130,FLORIANO PEIXOTO,PIZZARELLA - OPOSTO,SIM,-7.231200970709324,-35.909317983314395,066,263,022,220,660,202,,,,,,,
131,FLORIANO PEIXOTO,MULTICAR,SIM,-7.230352973565459,-35.907427025958896,066,263,022,220,660,202,,,,,,,
132,FLORIANO PEIXOTO,1819,SIM,-7.22904103808105,-35.90451599098742,066,263,022,220,660,202,055,222,,,,,
133,FLORIANO PEIXOTO,1800,,-7.228791005909443,-35.904309041798115,066,263,660,222,550,202,022,,,,,,
134,DOM BOSCO,LANCHONETE,,-7.227057041600347,-35.870165023952723,055,,,,,,,,,,,,
135,FLORIANO PEIXOTO,1359,,-7.227765982970595,-35.901462966576219,066,263,022,220,660,202,055,222,,,,,
136,FLORIANO PEIXOTO,IGREJA SAO CRISTOVAO,SIM,-7.226698966696858,-35.899073034524918,066,263,022,220,660,202,055,222,,,,,
137,FLORIANO PEIXOTO,APTA - OPOSTO,SIM,-7.225063992664218,-35.895604016259313,066,263,022,220,660,202,055,222,505,550,,,
138,FLORIANO PEIXOTO,845,,-7.2238630335778,-35.893097994849086,066,263,022,220,660,202,055,222,505,550,,,
139,PROFESSOR MIRON,217,,-7.230090033262968,-35.868856022134423,,,,,,,,,,,,,
140,FLORIANO PEIXOTO,PRACA CLEMENTINO PROCOPIO,SIM,-7.21965498290956,-35.88401997461915,055,500,505,550,555,303,333,300,003,,,,
141,ANTONIO VILARIM,344,,-7.241656975820661,-35.872124964371324,550,055,,,,,,,,,,,
142,EUTECIA VITAL RIBEIRO,APAE,SIM,-7.240926995873451,-35.87140697054565,550,055,,,,,,,,,,,
143,FLORIANO PEIXOTO,BOMPRECO,SIM,-7.218091003596783,-35.881127966567874,,,,,,,,,,,,,
144,FLORIANO PEIXOTO,BOMPRECO,SIM,-7.218154035508633,-35.88124799542129,,,,,,,,,,,,,
145,FLORIANO PEIXOTO,ARCA CATEDRAL,SIM,-7.218463998287916,-35.881946040317416,,,,,,,,,,,,,
146,FLORIANO PEIXOTO,ANTIGO PHD,SIM,-7.218560976907611,-35.88219297118485,,,,,,,,,,,,,
147,FLORIANO PEIXOTO,PRACA DA BANDEIRA,SIM,-7.21973704174161,-35.884739980101585,101,111,,,,,,,,,,,
148,CAMPOS SALES,347,,-7.223361963406205,-35.873049991205335,555,,,,,,,,,,,,
149,FLORIANO PEIXOTO,PRACA DA BANDEIRA,SIM,-7.219895962625742,-35.885014990344644,,,,,,,,,,,,,
150,MININISTRO JOSE AMERICO DE ALMEIDA,141,,-7.219708962365985,-35.873210001736879,003,303,055,505,555,,,,,,,,
151,FLORIANO PEIXOTO,DAMAS,SIM,-7.220155969262123,-35.885573979467154,,,,,,,,,,,,,
152,FLORIANO PEIXOTO,JR CABELEREIRO,SIM,-7.220550002530217,-35.88642499409616,303,333,300,003,,,,,,,,,
153,FLORIANO PEIXOTO,1328,,-7.227328028529882,-35.901032974943519,066,263,660,222,550,202,022,,,,,,
154,FLORIANO PEIXOTO,PIZZARELLA,SIM,-7.23104196600616,-35.909395013004541,066,263,660,220,222,,,,,,,,
155,FLORIANO PEIXOTO,ARCA TITAO,SIM,-7.220496023073793,-35.885902969166636,,,,,,,,,,,,,
156,ALMIRANTE BARROSO,303 - OPOSTO,SIM,-7.233568020164967,-35.894907983019948,111,077,090,900,901,911,902,092,,,,,
157,ALMIRANTE BARROSO,470A,,-7.234766967594624,-35.895782969892025,111,077,090,900,901,911,902,092,,,,,
158,ALMIRANTE BARROSO,820,SIM,-7.23725002259016,-35.897753974422812,111,077,090,900,901,911,902,444,922,092,,,
159,ALMIRANTE BARROSO,PANIFICADORA RAINHA DO CRUZEIRO,SIM,-7.238530023023486,-35.898702973499894,111,077,090,900,901,911,902,922,022,,,,
160,ALMIRANTE BARROSO,1408,,-7.241049036383629,-35.900904983282089,111,077,090,900,901,911,902,922,022,,,,
161,ALMIRANTE BARROSO,1716,,-7.243249034509063,-35.902554038912058,111,077,090,900,901,911,902,922,022,,,,
162,ALMIRANTE BARROSO,1908,,-7.244155034422875,-35.904069989919662,092,902,022,245,911,901,077,,,,,,
163,ALMIRANTE BARROSO,2248,,-7.245451966300607,-35.906710037961602,092,902,022,245,901,911,077,,,,,,
164,ALMIRANTE BARROSO,2690,,-7.246160991489887,-35.910662021487951,092,902,022,245,901,911,077,,,,,,
165,FRANCISCO LOPES DE ALMEIDA,242,SIM,-7.246329970657826,-35.912461029365659,092,902,022,245,901,911,202,077,,,,,
166,FRANCISCO LOPES DE ALMEIDA,SAFRA - OPOSTO,SIM,-7.246412029489875,-35.916228024289012,092,902,022,245,222,077,,,,,,,
167,FRANCISCO LOPES DE ALMEIDA,115,,-7.246520994231105,-35.918790036812425,092,902,022,245,222,077,,,,,,,
168,FRANCISCO LOPES DE ALMEIDA,POSTO DE SAUDE,,-7.246964983642101,-35.920892972499132,092,902,022,245,222,077,,,,,,,
169,FRANCISCO LOPES DE ALMEIDA,LAVA JATO,,-7.248755022883415,-35.923209981992841,092,902,022,245,222,,,,,,,,
170,FRANCISCO LOPES DE ALMEIDA,2011 - OPOSTO,,-7.251530019566417,-35.928287990391254,902,092,922,,,,,,,,,,
171,FRANCISCO LOPES DE ALMEIDA,SEST - SENAT,SIM,-7.251605959609151,-35.929371016100049,092,902,922,,,,,,,,,,
172,FRANCISCO LOPES DE ALMEIDA,CIRETRAN,,-7.251734035089612,-35.930613968521357,092,902,922,,,,,,,,,,
173,FRANCISCO LOPES DE ALMEIDA,CIRETRAN - OPOSTO,,-7.251892033964396,-35.930821001529694,092,902,922,,,,,,,,,,
174,FRANCISCO LOPES DE ALMEIDA,1995,,-7.251596990972757,-35.928100990131497,092,922,902,,,,,,,,,,
175,FRANCISCO LOPES DE ALMEIDA,1914,,-7.2511319629848,-35.926867006346583,220,092,902,922,,,,,,,,,
176,FRANCISCO LOPES DE ALMEIDA,699,,-7.249272018671036,-35.92376796528697,220,092,902,922,245,202,,,,,,,
177,FRANCISCO LOPES DE ALMEIDA,09,,-7.248428966850042,-35.922662978991866,220,092,902,922,245,202,077,,,,,,
178,FRANCISCO LOPES DE ALMEIDA,06,SIM,-7.247315011918545,-35.921196984127164,220,092,902,922,245,202,077,,,,,,
179,FRANCISCO LOPES DE ALMEIDA,839,,-7.246625013649464,-35.918934037908912,220,092,902,922,245,202,077,,,,,,
180,FRANCISCO LOPES DE ALMEIDA,SAFRA,SIM,-7.246487969532609,-35.91620497405529,220,092,902,922,245,202,077,,,,,,
181,FRANCISCO LOPES DE ALMEIDA,155,,-7.246485035866499,-35.912779960781336,220,092,902,922,245,202,077,901,911,090,,,
182,ALMIRANTE BARROSO,2591,SIM,-7.246215976774693,-35.910283997654915,077,092,902,922,245,901,911,090,,,,,
183,ALMIRANTE BARROSO,2439,,-7.245979020372033,-35.908733010292053,077,092,902,922,245,901,911,090,,,,,
184,ALMIRANTE BARROSO,A&C,,-7.245272006839514,-35.90584896504879,077,092,902,922,245,901,911,090,,,,,
185,ALMIRANTE BARROSO,1812,,-7.243998041376472,-35.903633963316679,077,092,902,922,245,901,911,090,,,,,
186,JUSCELINO KUBITSCHEK,CRUZEIRO - OPOSTO,,-7.244493998587132,-35.903493985533714,090,900,245,,,,,,,,,,
187,"JUSCELINO KUBITSCHEK,",1295 - OPOSTO,,-7.24685400724411,-35.904769962653518,090,900,245,,,,,,,,,,
188,JUSCELINO KUBITSCHEK,IGREJA VERBO DA VIDA,,-7.248510019853711,-35.905617037788033,090,900,245,,,,,,,,,,
189,JUSCELINO KUBITSCHEK,1800,,-7.250386979430914,-35.906524965539575,090,900,245,,,,,,,,,,
190,JUSCELINO KUBITSCHEK,1856,,-7.251702016219497,-35.907259974628687,090,900,,,,,,,,,,,
191,JUSCELINO KUBITSCHEK,2002,,-7.25327798165381,-35.908068995922804,090,,,,,,,,,,,,
192,JUSCELINO KUBITSCHEK,ASSEMBLEIA DE DEUS - OPOSTO,,-7.255120994523168,-35.909017994999886,090,,,,,,,,,,,,
193,JUSCELINO KUBITSCHEK,2550,,-7.256409041583538,-35.909699024632573,090,,,,,,,,,,,,
194,JUSCELINO KUBITSCHEK,2910,SIM,-7.261050017550588,-35.911888964474201,090,900,,,,,,,,,,,
195,JUSCELINO KUBITSCHEK,2739,,-7.258248031139374,-35.910382987931371,090,900,,,,,,,,,,,
196,JUSCELINO KUBITSCHEK,2175,,-7.253539999946952,-35.907937986776233,090,,,,,,,,,,,,
197,JUSCELINO KUBITSCHEK,1791,SIM,-7.251118971034885,-35.906688999384642,090,900,245,,,,,,,,,,
198,JUSCELINO KUBITSCHEK,1679,,-7.249999986961484,-35.906123975291848,090,900,245,,,,,,,,,,
199,JUSCELINO KUBITSCHEK,1533,,-7.248611021786928,-35.905433977022767,090,900,245,,,,,,,,,,
200,JUSCELINO KUBITSCHEK,1295,,-7.246988033875823,-35.904590003192425,090,900,245,,,,,,,,,,
201,JUSCELINO KUBITSCHEK,830 - OPOSTO,,-7.244883002713323,-35.903491973876953,090,900,245,,,,,,,,,,
202,COSTA E SILVA,897,,-7.237774981185794,-35.902844974771142,444,,,,,,,,,,,,
203,COSTA E SILVA,675,,-7.235800959169865,-35.902761993929744,400,,,,,,,,,,,,
204,COSTA E SILVA,469,,-7.234161039814353,-35.902723018079996,400,,,,,,,,,,,,
205,COSTA E SILVA,670,,-7.235727030783892,-35.902899038046598,404,,,,,,,,,,,,
206,COSTA E SILVA,ESCOLA CRISTINA PROCOPIO,SIM,-7.237609019502997,-35.902977995574474,404,,,,,,,,,,,,
207,MANOEL GONCALVES DE GUMARAES,FIEP,SIM,-7.222213977947831,-35.875603035092354,955,004,092,550,444,903,404,,,,,,
208,JILO GUEDES,39,SIM,-7.218668013811112,-35.87548702955246,955,004,092,550,444,903,404,003,303,055,505,555,
209,JANUNCIO FERREIRA,MARCENARIA,,-7.213413985446096,-35.883741024881601,111,,,,,,,,,,,,
210,SERGIPE,2939,,-7.256129002198577,-35.888925986364484,111,,,,,,,,,,,,
211,MANOEL ALVES DO NASCIMENTO,23,SIM,-7.255646958947182,-35.889567034319043,111,,,,,,,,,,,,
212,JILO GUEDES,BORBAO,SIM,-7.218871023505926,-35.875774025917053,505,003,055,092,955,333,,,,,,,
213,JILO GUEDES,POSTO ALE,SIM,-7.221491960808635,-35.875405976548791,055,092,404,,,,,,,,,,
214,SEVERINO CRUZ,COLEGIO FÊNIX,SIM,-7.223130036145449,-35.878176027908921,944,404,004,,,,,,,,,,
215,SEVERINO CRUZ,HOSPITAL GARDEN,,-7.225414020940661,-35.882734023034573,944,404,004,,,,,,,,,,
216,SEVERINO BEZERRA CABRAL,ESCOLA NORMAL,,-7.230108976364136,-35.872886963188648,505,055,092,955,550,,,,,,,,
217,SEVERINO BEZERRA CABRAL,ESCOLA NORMAL,SIM,-7.230257000774145,-35.872779004275799,505,055,092,955,550,,,,,,,,
218,SEVERINO BEZERRA CABRAL,AUTO SHOPPING - OPOSTO,SIM,-7.232503015547991,-35.870958035811782,505,055,092,955,550,,,,,,,,
219,SEVERINO BEZERRA CABRAL,COPASA,SIM,-7.235314976423979,-35.868600038811564,505,055,092,955,550,555,,,,,,,
221,SEVERINO BEZERRA CABRAL,POLÍCIA FEDERAL,,-7.233202988281846,-35.87009503506124,505,955,092,550,555,,,,,,,,
222,SEVERINO BEZERRA CABRAL,AUTO-MOTIVA,,-7.229684013873339,-35.873016966506839,555,955,092,550,,,,,,,,,
223,SEVERINO BEZERRA CABRAL,AUTO-MOTIVA,SIM,-7.229545963928103,-35.873124003410339,555,955,092,550,,,,,,,,,
224,SEVERINO BEZERRA CABRAL,205,,-7.226597964763641,-35.87557403370738,550,955,092,,,,,,,,,,
225,MANOEL TAVARES,SENAC,SIM,-7.213740041479468,-35.877096019685268,,,,,,,,,,,,,
226,MANOEL TAVARES,1244,,-7.205357970669866,-35.874755959957838,202,,,,,,,,,,,,
227,MANOEL TAVARES,ATACADAO,SIM,-7.201404981315136,-35.876545999199152,202,,,,,,,,,,,,
228,BR-104 (SUL),PARQUE DE EXPOSICOES,SIM,-7.285508997738361,-35.889586983248591,944,,,,,,,,,,,,
229,MANOEL TAVARES,807,SIM,-7.209166958928108,-35.875959014520049,202,,,,,,,,,,,,
230,SEVERINO BEZERRA CABRAL,HOSPITAL MARIANA,SIM,-7.226385064423084,-35.875945352017879,955,505,092,055,550,,,,,,,,
231,VIGARIO CALIXTO,SUPERMERCADO QPRECO,SIM,-7.231242964044213,-35.880552968010306,404,245,,,,,,,,,,,
232,VIGARIO CALIXTO,748,,-7.232988998293877,-35.879817958921194,404,245,,,,,,,,,,,
233,VIGARIO CALIXTO,LUIZA MOTTA - OPOSTO,,-7.234259024262428,-35.879603968933225,404,245,,,,,,,,,,,
234,VIGARIO CALIXTO,1194,,-7.236302029341459,-35.879499027505517,404,,,,,,,,,,,,
235,VIGARIO CALIXTO,TUBOS NOGUEIRA - OPOSTO,,-7.238690033555031,-35.879370030015707,004,404,,,,,,,,,,,
236,VIGARIO CALIXTO,1530,,-7.240892965346575,-35.879246983677149,004,404,,,,,,,,,,,
237,VIGARIO CALIXTO,MATERIAL DE CONSTRUCAO,,-7.243379959836602,-35.879129972308874,004,404,,,,,,,,,,,
238,VIGARIO CALIXTO,1964,,-7.245234958827496,-35.879092002287507,004,404,,,,,,,,,,,
239,VIGARIO CALIXTO,2158,,-7.247305037453771,-35.879201972857118,004,404,,,,,,,,,,,
240,VIGARIO CALIXTO,2394,,-7.249227007851005,-35.879053026437759,004,404,,,,,,,,,,,
241,VIGARIO CALIXTO,PROJETOS VISUAIS,,-7.251048982143402,-35.878885975107551,004,404,,,,,,,,,,,
242,VIGARIO CALIXTO,3800,SIM,-7.254010979086161,-35.878914976492524,004,404,444,,,,,,,,,,
243,VIGARIO CALIXTO,3800 - OPOSTO,SIM,-7.25413796491921,-35.878782039508224,444,404,004,,,,,,,,,,
244,SATURNINO DE BRITO FILHO,825 - OPOSTO,,-7.251272024586797,-35.878274012356997,004,404,,,,,,,,,,,
245,SATURNINO DE BRITO FILHO,1091 - OPOSTO,,-7.250847984105349,-35.876017017289996,004,404,,,,,,,,,,,
246,SATURNINO DE BRITO FILHO,1444,,-7.250231998041272,-35.872725024819374,004,404,,,,,,,,,,,
247,ELPÍDIO DE ALMEIDA,2025,,-7.246262999251485,-35.873430026695132,404,,,,,,,,,,,,
248,ELPÍDIO DE ALMEIDA,QUINTA DA COLINA,SIM,-7.244202978909016,-35.874018017202616,404,004,,,,,,,,,,,
249,ELPÍDIO DE ALMEIDA,LOJAO PARA,,-7.241154983639717,-35.874851010739803,004,,,,,,,,,,,,
250,ELPÍDIO DE ALMEIDA,POLIVALENTE,SIM,-7.238157028332353,-35.875644022598863,004,404,245,,,,,,,,,,
251,ELPÍDIO DE ALMEIDA,1152 - OPOSTO,SIM,-7.235718984156847,-35.876335026696324,004,404,245,,,,,,,,,,
252,ELPÍDIO DE ALMEIDA,370,SIM,-7.231461983174086,-35.877317972481251,404,,,,,,,,,,,,
253,ELPÍDIO DE ALMEIDA,PARQUE DA CRIANCA,,-7.226646998897195,-35.877106999978423,444,004,,,,,,,,,,,
254,ELPÍDIO DE ALMEIDA,426,,-7.229594998061657,-35.877274973317981,444,,,,,,,,,,,,
255,ELPÍDIO DE ALMEIDA,638,SIM,-7.231548987329006,-35.877447975799441,444,,,,,,,,,,,,
256,ELPÍDIO DE ALMEIDA,882,,-7.233195025473833,-35.877114040777087,444,,,,,,,,,,,,
257,ELPÍDIO DE ALMEIDA,1100,,-7.235332997515798,-35.876535018905997,444,245,004,,,,,,,,,,
258,ELPÍDIO DE ALMEIDA,POLIVALENTE - OPOSTO,,-7.238157028332353,-35.875717028975487,444,004,245,,,,,,,,,,
259,ELPÍDIO DE ALMEIDA,1660,,-7.240334982052445,-35.875181006267667,444,004,245,,,,,,,,,,
260,ELPÍDIO DE ALMEIDA,QUINTA DA COLINA - OPOSTO,SIM,-7.243590010330081,-35.874311970546842,444,004,,,,,,,,,,,
261,ELPÍDIO DE ALMEIDA,1954,,-7.245936021208763,-35.873609986156225,444,,,,,,,,,,,,
262,ELPÍDIO DE ALMEIDA,CLUBE CAMPESTRE,,-7.248096959665418,-35.873027024790645,444,,,,,,,,,,,,
263,SATURNINO DE BRITO FILHO,1405,,-7.250100988894701,-35.872756959870458,004,,,,,,,,,,,,
264,SATURNINO DE BRITO FILHO,850 - OPOSTO,,-7.251102039590478,-35.877794986590743,004,,,,,,,,,,,,
265,VIGARIO CALIXTO,2077,SIM,-7.250905986875296,-35.878768963739276,004,444,,,,,,,,,,,
266,VIGARIO CALIXTO,2471,SIM,-7.249239999800921,-35.878997035324574,004,444,,,,,,,,,,,
267,VIGARIO CALIXTO,COMPLEXO ALVORADA - OPOSTO,,-7.247753972187638,-35.879081021994352,004,444,,,,,,,,,,,
268,VIGARIO CALIXTO,1966 - OPOSTO,SIM,-7.244409006088972,-35.878945989534259,004,444,,,,,,,,,,,
269,VIGARIO CALIXTO,1445A,,-7.240526005625725,-35.879170959815383,004,444,,,,,,,,,,,
270,VIGARIO CALIXTO,MOTIVA,SIM,-7.237986037507653,-35.87929199449718,444,,,,,,,,,,,,
271,VIGARIO CALIXTO,1250 - OPOSTO,,-7.236818019300699,-35.879367012530565,444,,,,,,,,,,,,
272,VIGARIO CALIXTO,LUIZA MOTTA,SIM,-7.234244020655751,-35.879447981715202,444,245,004,,,,,,,,,,
273,VIGARIO CALIXTO,607,,-7.232795041054487,-35.879849977791309,444,245,004,,,,,,,,,,
274,VIGARIO CALIXTO,MACÊDO RACOES,SIM,-7.231631968170404,-35.880291033536196,444,245,004,,,,,,,,,,
275,VIGARIO CALIXTO,SESC,SIM,-7.228535022586584,-35.882677026093006,245,,,,,,,,,,,,
276,PAULO DE FRONTEIN,ANTIGA CARANGUEJO,SIM,-7.227659029886127,-35.88421099819243,004,245,,,,,,,,,,,
277,MIGUEL COUTO,CAVESA,,-7.225443022325635,-35.884409984573722,004,,,,,,,,,,,,
278,MIGUEL COUTO,UNESC,,-7.223272025585175,-35.88384797796607,004,,,,,,,,,,,,
280,ASSIS CHATEAUBRIAND,478,,-7.23256504163146,-35.889062024652958,245,944,,,,,,,,,,,
281,ASSIS CHATEAUBRIAND,POSTO IPIRANGA,,-7.235948983579874,-35.888695986941457,245,944,,,,,,,,,,,
282,ASSIS CHATEAUBRIAND,SECRETARIA DE SAUDE,SIM,-7.240410000085831,-35.888179996982217,245,944,,,,,,,,,,,
283,ASSIS CHATEAUBRIAND,1750 - OPOSTO,SIM,-7.243172004818916,-35.887877997010946,944,,,,,,,,,,,,
284,ASSIS CHATEAUBRIAND,ESCOLA MONSENHOR SALES,SIM,-7.246418986469507,-35.887400982901454,944,,,,,,,,,,,,
285,ASSIS CHATEAUBRIAND,VOLVO,,-7.25119398906827,-35.88737198151648,944,,,,,,,,,,,,
286,ASSIS CHATEAUBRIAND,CDRM,,-7.252850001677871,-35.887302998453379,944,,,,,,,,,,,,
287,ASSIS CHATEAUBRIAND,NAZARIA,SIM,-7.257735980674624,-35.887181041762233,944,,,,,,,,,,,,
288,ASSIS CHATEAUBRIAND,BETONITA,SIM,-7.259607994928956,-35.887223035097122,944,,,,,,,,,,,,
289,ASSIS CHATEAUBRIAND,COTEBRAS,SIM,-7.261961968615651,-35.887444987893105,944,,,,,,,,,,,,
290,ASSIS CHATEAUBRIAND,REPLASTIL,,-7.263512033969164,-35.887603992596269,944,,,,,,,,,,,,
291,ASSIS CHATEAUBRIAND,ALPARGATAS,SIM,-7.266591964289546,-35.887856036424637,944,,,,,,,,,,,,
292,ASSIS CHATEAUBRIAND,SESI - OPOSTO,SIM,-7.269147019833326,-35.888087963685393,944,,,,,,,,,,,,
293,ASSIS CHATEAUBRIAND,VIPEX,,-7.270507989451289,-35.888066003099084,944,,,,,,,,,,,,
294,ASSIS CHATEAUBRIAND,CINEP,SIM,-7.268745023757219,-35.887913033366203,944,,,,,,,,,,,,
295,ASSIS CHATEAUBRIAND,LANCHONETE VIDA NOVA,SIM,-7.267281040549278,-35.887782024219632,944,,,,,,,,,,,,
296,ASSIS CHATEAUBRIAND,SILVANA,SIM,-7.266350984573364,-35.887700971215963,944,,,,,,,,,,,,
297,ASSIS CHATEAUBRIAND,BAR DO PAREDAO - OPOSTO,SIM,-7.265045000240207,-35.887567028403282,944,,,,,,,,,,,,
298,ASSIS CHATEAUBRIAND,BARRACA SAO JOSE,SIM,-7.263536006212235,-35.887450017035007,944,,,,,,,,,,,,
299,ASSIS CHATEAUBRIAND,FENOPLAST,SIM,-7.261808998882771,-35.887281037867069,944,,,,,,,,,,,,
300,ASSIS CHATEAUBRIAND,NAZARIA,SIM,-7.257565995678306,-35.8870480209589,944,,,,,,,,,,,,
301,ASSIS CHATEAUBRIAND,2935,,-7.255590967833996,-35.887131001800299,944,,,,,,,,,,,,
302,ASSIS CHATEAUBRIAND,VOLVO - OPOSTO,SIM,-7.251034984365106,-35.88722001761198,944,,,,,,,,,,,,
303,CONSUL JOSEPH NOUJUAIN HABIB NACAD,1433,SIM,-7.246171971783042,-35.885876985266805,,,,,,,,,,,,,
304,CONSUL JOSEPH NOUJUAIN HABIB NACAD,RES. ANA BEATRIZ,,-7.243864014744759,-35.884707039222121,,,,,,,,,,,,,
305,CONSUL JOSEPH NOUJUAIN HABIB NACAD,GRANVIDROS - OPOSTO,,-7.241425970569253,-35.883821994066238,004,,,,,,,,,,,,
306,CONSUL JOSEPH NOUJUAIN HABIB NACAD,MARABA,,-7.239988977089524,-35.883645974099636,004,,,,,,,,,,,,
307,CONSUL JOSEPH NOUJUAIN HABIB NACAD,MPF,SIM,-7.237816974520683,-35.883771032094955,004,,,,,,,,,,,,
308,CONSUL JOSEPH NOUJUAIN HABIB NACAD,PANIFICADORA,SIM,-7.235904978588224,-35.883895000442863,004,,,,,,,,,,,,
309,CONSUL JOSEPH NOUJUAIN HABIB NACAD,CONDOMÍNIO,,-7.235880000516772,-35.884174033999443,004,,,,,,,,,,,,
310,CONSUL JOSEPH NOUJUAIN HABIB NACAD,POSTO - OPOSTO,,-7.238069018349052,-35.884052999317646,004,,,,,,,,,,,,
311,CONSUL JOSEPH NOUJUAIN HABIB NACAD,GRANVIDROS,,-7.241297978907824,-35.884092980995774,004,,,,,,,,,,,,
312,CONSUL JOSEPH NOUJUAIN HABIB NACAD,53,,-7.242131978273392,-35.88419197127223,,,,,,,,,,,,,
313,CONSUL JOSEPH NOUJUAIN HABIB NACAD,RESIDENCIAL,,-7.2435890045017,-35.885090008378029,,,,,,,,,,,,,
314,JOAO BATISTA DA SILVA,27,,-7.243451038375497,-35.887468960136175,,,,,,,,,,,,,
315,ASSIS CHATEAUBRIAND,CARAJAS,SIM,-7.240347974002361,-35.8880599681288,245,944,,,,,,,,,,,
316,ASSIS CHATEAUBRIAND,FELINTO,SIM,-7.238790029659867,-35.888264989480376,245,944,,,,,,,,,,,
317,ASSIS CHATEAUBRIAND,POSTO IPIRANGA - OPOSTO,,-7.236195998266339,-35.888561960309744,245,944,,,,,,,,,,,
318,ASSIS CHATEAUBRIAND,557,,-7.233465006574988,-35.888841999694705,245,944,,,,,,,,,,,
319,ASSIS CHATEAUBRIAND,RIO DO PEIXE,SIM,-7.230884972959757,-35.889165960252285,944,,,,,,,,,,,,
320,ODON BEZERRA,627,,-7.236357014626265,-35.896283034235239,404,101,111,077,092,922,090,900,901,911,902,009,
321,ODON BEZERRA,446 - OPOSTO,SIM,-7.236193986609578,-35.894821984693408,404,,,,,,,,,,,,
322,ODON BEZERRA,115,,-7.235780004411936,-35.891706012189388,404,,,,,,,,,,,,
323,PEDRO LEAL,ESCOLA ESTADUAL AROLDO CRUZ - OPOSTO,,-7.235437016934156,-35.886055016890168,,,,,,,,,,,,,
324,JOAO QUIRINO,78,,-7.235311958938837,-35.882791019976139,004,,,,,,,,,,,,
325,JOAO QUIRINO,528,,-7.235163012519479,-35.880266977474093,004,,,,,,,,,,,,
326,JOAO QUIRINO,706,,-7.235107021406293,-35.878808023408055,004,245,,,,,,,,,,,
327,JOAO QUIRINO,CENTRAL DE POLÍCIA,,-7.233825009316206,-35.874018017202616,004,245,,,,,,,,,,,
328,RAIMUNDO NONATO,40,SIM,-7.225745022296906,-35.868169041350484,055,505,,,,,,,,,,,
329,RAIMUNDO NONATO,213,,-7.223816011101008,-35.868123024702072,055,505,,,,,,,,,,,
330,MAMEDE MOISES RAIA,147 A,,-7.218592995777726,-35.868025962263346,333,,,,,,,,,,,,
331,SANTO ANTONIO,259 - OPOSTO,,-7.216226030141115,-35.864787027239799,003,303,333,,,,,,,,,,
332,SANTO ANTONIO,596,,-7.215650025755167,-35.86345799267292,303,333,,,,,,,,,,,
333,SANTO ANTONIO,788,,-7.214870005846024,-35.861656973138452,333,303,,,,,,,,,,,
334,SANTO ANTONIO,792 - OPOSTO,SIM,-7.214721981436014,-35.861549014225602,333,303,,,,,,,,,,,
335,SANTO ANTONIO,645,,-7.215422037988901,-35.863144006580114,303,333,,,,,,,,,,,
336,SANTO ANTONIO,945 - VIZINHO,SIM,-7.217103028669953,-35.867392038926482,333,003,,,,,,,,,,,
337,SANTO ANTONIO,483,,-7.217487003654242,-35.871404958888888,333,,,,,,,,,,,,
338,SANTO ANTONIO,323,,-7.217752039432526,-35.872861985117197,333,,,,,,,,,,,,
339,SANTO ANTONIO,57 - OPOSTO,,-7.217997964471579,-35.875196009874344,303,,,,,,,,,,,,
340,SANTO ANTONIO,252,,-7.217869972810149,-35.873498003929853,303,,,,,,,,,,,,
341,PEDRO DA COSTA AGRA,202,,-7.223551981151104,-35.868210028856993,555,550,,,,,,,,,,,
342,PEDRO DA COSTA AGRA,382,,-7.225493984296918,-35.868283035233617,555,550,,,,,,,,,,,
343,PEDRO DA COSTA AGRA,613 - OPOSTO,,-7.227364992722869,-35.86831396445632,555,550,,,,,,,,,,,
344,JOAO QUIRINO,CENTRAL DE POLÍCIA - OPOSTO,SIM,-7.233548993244767,-35.873816013336182,004,245,,,,,,,,,,,
345,JOAO QUIRINO,1060 - OPOSTO,,-7.234731009230018,-35.87572599761188,004,245,,,,,,,,,,,
346,JOAO QUIRINO,690 - OPOSTO,,-7.234984980896115,-35.878920005634427,004,245,,,,,,,,,,,
347,JOAO QUIRINO,260,,-7.235106015577912,-35.880814986303449,004,,,,,,,,,,,,
348,JOAO QUIRINO,ESCRITORIO DE ADVOCACIA,,-7.235196037217975,-35.882698986679316,004,,,,,,,,,,,,
349,DAMASCO,1231,,-7.235153038054705,-35.906907012686133,404,,,,,,,,,,,,
350,DAMASCO,1045,,-7.235217997804284,-35.905128959566355,404,,,,,,,,,,,,
351,DAMASCO,867,,-7.235278012230992,-35.903590964153409,404,,,,,,,,,,,,
352,DAMASCO,234 - OPOSTO,,-7.235555034130812,-35.898265019059181,404,,,,,,,,,,,,
353,VIDAL DE NEGREIROS,51,,-7.220756029710174,-35.882995035499334,004,,,,,,,,,,,,
354,AGAMENON MAGALHAES,386,,-7.212881986051798,-35.88156902231276,111,,,,,,,,,,,,
355,ESTELITA CRUZ,SEMINARIO,,-7.211995013058186,-35.880312994122505,111,,,,,,,,,,,,
356,NEWTON ESTILAC LEAL,951 - OPOSTO,,-7.208913993090391,-35.879158973693848,111,,,,,,,,,,,,
357,NEWTON ESTILAC LEAL,1066,,-7.209180034697056,-35.87813101708889,111,,,,,,,,,,,,
358,FELIX CAROLINO BARBOSA,483,,-7.208881974220276,-35.877044973894954,111,,,,,,,,,,,,
359,AUGUSTO SANTIAGO,181,SIM,-7.206070013344288,-35.876961993053555,111,,,,,,,,,,,,
360,ESTELITA CRUZ,IGREJA DE SAO SEBASTIAO,,-7.205254035070539,-35.878562014549971,111,,,,,,,,,,,,
361,APOLONIA AMORIM,91,,-7.204833012074232,-35.880037983879447,111,,,,,,,,,,,,
362,Dr. VASCONCELOS,EMPASA,SIM,-7.203412028029561,-35.880612982437015,111,,,,,,,,,,,,
363,PRESIDENTE ROOSEVELT,243 - OPOSTO,,-7.202153988182545,-35.883242972195148,111,,,,,,,,,,,,
364,CAPITAO ADHEMAR DE PAIVA,205,,-7.206185013055801,-35.884653981775045,111,,,,,,,,,,,,
365,NORBERTO LEAL,ASSEMBLEIA DE DEUS - OPOSTO,,-7.207080032676458,-35.882679959759116,111,,,,,,,,,,,,
366,VEREADOR BENEDITO MOTA,246 - OPOSTO,,-7.208578968420625,-35.882864026352763,111,,,,,,,,,,,,
367,FRANKLIN ARAUJO,ESC. LUIZ GOMES,,-7.208412000909448,-35.88414796628058,111,,,,,,,,,,,,
368,FRANCISCO AFONSO DE ALBUQUERQUE,PRACA,SIM,-7.208199016749859,-35.885732984170318,111,,,,,,,,,,,,
369,HENRIQUE DIAS,538,,-7.208439996466041,-35.88863898999989,111,,,,,,,,,,,,
370,EVARISO PEREIRA DA COSTA,95,,-7.209354965016246,-35.890782997012138,111,,,,,,,,,,,,
371,CRISTIANO PALMEIRA,DONA CLEMENTINA,,-7.208191975951195,-35.891766026616096,111,,,,,,,,,,,,
372,CRISTIANO PALMEIRA,320,,-7.207133006304503,-35.892497012391686,111,,,,,,,,,,,,
373,EUCLIDES SEVERIANO,223,,-7.207334004342556,-35.890818033367395,111,,,,,,,,,,,,
374,JUVÊNCIO MARTINS DE FRANCA,86,,-7.20747297629714,-35.888462970033288,111,,,,,,,,,,,,
375,JUVÊNCIO MARTINS DE FRANCA,166,,-7.206605030223727,-35.888675032183528,111,,,,,,,,,,,,
376,HENRIQUE DIAS,613,,-7.207309026271105,-35.889009973034263,111,,,,,,,,,,,,
377,HENRIQUE DIAS,413 - OPOSTO,SIM,-7.209394024685025,-35.888181002810597,111,,,,,,,,,,,,
378,SIQUEIRA CAMPOS,1671,,-7.210483001545072,-35.887540960684419,111,,,,,,,,,,,,
379,ÍNDIOS PIRAGIBE,301,,-7.211937010288239,-35.8869409840554,111,,,,,,,,,,,,
380,ÍNDIOS PIRAGIBE,145,,-7.212604964151979,-35.885803978890181,111,,,,,,,,,,,,
381,EPITACIO PESSOA,10,,-7.213633004575968,-35.88896001689136,101,505,910,,,,,,,,,,
382,XV DE NOVEMBRO,518,,-7.209498966112733,-35.891787987202406,505,910,,,,,,,,,,,
383,XV DE NOVEMBRO,688,,-7.208218965679407,-35.892647970467806,505,910,,,,,,,,,,,
384,XV DE NOVEMBRO,976,,-7.206213008612394,-35.894088987261057,505,910,,,,,,,,,,,
385,XV DE NOVEMBRO,118,SIM,-7.204716000705957,-35.894807986915112,505,910,,,,,,,,,,,
386,XV DE NOVEMBRO,EST DA PALMEIRA,SIM,-7.199415033683181,-35.89598597958684,910,,,,,,,,,,,,
387,ANTONIO ALVES LIMA,368,,-7.196333007887006,-35.892514027655125,910,,,,,,,,,,,,
388,ROBERVAL RODRIGUES DE LIMA,230 - OPOSTO,,-7.196930972859263,-35.891917990520597,910,,,,,,,,,,,,
389,ANTONIO ALVES LIMA,40B - OPOSTO,,-7.196212979033589,-35.892832037061453,910,,,,,,,,,,,,
390,PARIS,2636 - OPOSTO,,-7.189511982724071,-35.898512033745646,910,,,,,,,,,,,,
391,PARIS,2819,,-7.18656700104475,-35.900479014962912,910,,,,,,,,,,,,
392,JENIPAPO,,,-7.167248977348208,-35.913587976247072,910,,,,,,,,,,,,
393,JENIPAPO,,,-7.167753987014294,-35.91590297408402,910,,,,,,,,,,,,
394,JENIPAPO,,SIM,-7.167693972587585,-35.918322997167706,910,,,,,,,,,,,,
395,JENIPAPO,,,-7.166204005479813,-35.917760990560055,910,,,,,,,,,,,,
396,JENIPAPO,,,-7.16202998533845,-35.917279031127691,910,,,,,,,,,,,,
397,JENIPAPO,,SIM,-7.159810960292816,-35.918186958879232,910,,,,,,,,,,,,
398,JENIPAPO,PONTO FINAL,SIM,-7.157697966322303,-35.917173000052571,910,,,,,,,,,,,,
399,JENIPAPO,IGREJA,,-7.166695017367601,-35.910170003771782,910,,,,,,,,,,,,
400,JENIPAPO,476,,-7.167695984244347,-35.90928403660655,910,,,,,,,,,,,,
401,PARIS,CHACARA,,-7.177848983556032,-35.908419024199247,910,,,,,,,,,,,,
402,PARIS,2429,SIM,-7.181392014026642,-35.906052980571985,910,,,,,,,,,,,,
403,BRUXELAS,101 - OPOSTO,SIM,-7.189952032640576,-35.903366999700665,910,,,,,,,,,,,,
404,BRUXELAS,101,,-7.189951026812196,-35.903297010809183,910,,,,,,,,,,,,
405,BRUXELAS,27,,-7.187995025888085,-35.904007963836193,910,,,,,,,,,,,,
406,BERNA,DEPOSITO DE GAS,,-7.18708198517561,-35.902779009193182,910,,,,,,,,,,,,
407,MADRID,460,,-7.187171000987291,-35.903747035190463,910,,,,,,,,,,,,
408,BRUXELAS,COLEGIO ESTADUAL,,-7.185441982001066,-35.904957968741655,910,,,,,,,,,,,,
409,VARSOVIA,,SIM,-7.18383802101016,-35.902822008356452,910,,,,,,,,,,,,
410,PARIS,,SIM,-7.185846995562315,-35.901279989629984,910,,,,,,,,,,,,
411,PARIS,2933,SIM,-7.193471007049084,-35.895528998225927,910,,,,,,,,,,,,
412,XV DE NOVEMBRO,TV PARAÍBA,SIM,-7.196352034807205,-35.895913979038596,910,,,,,,,,,,,,
413,XV DE NOVEMBRO,EST DA PALMEIRA,,-7.199545037001371,-35.896055968478322,910,,,,,,,,,,,,
414,XV DE NOVEMBRO,1369,,-7.202844992280006,-35.895320037379861,910,555,,,,,,,,,,,
415,XV DE NOVEMBRO,1225,,-7.204260025173426,-35.894948970526457,910,555,,,,,,,,,,,
416,PROFESSOR BALBINO,601,,-7.205889970064163,-35.894950982183218,555,910,,,,,,,,,,,
417,SAO JOAO,57,,-7.207728959619999,-35.895435959100723,555,910,,,,,,,,,,,
418,SAO JOAO,271,,-7.20818099565804,-35.894440021365881,555,910,,,,,,,,,,,
419,DESEMBARGADOR AZEVEDO,791,,-7.209417996928096,-35.893074022606015,555,910,,,,,,,,,,,
420,DESEMBARGADOR AZEVEDO,445 - LATERAL,,-7.211022963747382,-35.891942968592048,555,910,,,,,,,,,,,
421,TAVARES CAVALCANTE,454 - OPOSTO,,-7.217519022524357,-35.877950973808765,009,910,092,333,505,003,555,,,,,,
422,TAVARES CAVALCANTE,599 - OPOSTO,,-7.217808030545712,-35.87673501111567,009,910,092,333,505,003,555,,,,,,
423,JOANA D'ARC,882,,-7.222027983516455,-35.868994994089007,003,555,550,,,,,,,,,,
424,PEDRO DA COSTA AGRA,789 - OPOSTO,,-7.228864012286067,-35.868361992761493,555,550,,,,,,,,,,,
425,ANTONIO JOSE RODRIGUES,34,,-7.231138022616506,-35.866933967918158,555,,,,,,,,,,,,
426,ANTONIO JOSE RODRIGUES,292,,-7.232893025502563,-35.865485994145274,555,,,,,,,,,,,,
427,ENGENHEIRO JOSE CELINO FILHO,COLINAS DO MIRANTE (OPOSTO),,-7.234277967363596,-35.864799013361335,555,,,,,,,,,,,,
428,TERMINAL RODOVIARIO ARGEMIRO DE FIQUEIREDO,PORTAO DE EMBARQUE,,-7.238234980031848,-35.87022596038878,055,505,550,555,092,245,,,,,,,
429,EUTECIA VITAL RIBEIRO,CEDMEX - OPOSTO,SIM,-7.239447003230453,-35.872527966275811,055,505,550,555,092,245,,,,,,,
430,BASÍLIO DE ARAUJO,RODOVIARIA,,-7.237390000373125,-35.870791990309954,055,505,550,555,092,245,,,,,,,
433,OTACÍLIO NEPOMUCENO,PARTAGE,SIM,-7.236288031563163,-35.871058031916618,055,505,550,555,092,245,,,,,,,
434,OTACÍLIO NEPOMUCENO,CITROEN,SIM,-7.235185978934169,-35.871939975768328,055,505,550,555,092,245,,,,,,,
435,JOAO HONORIO DE MELO,76 - OPOSTO,,-7.228684974834323,-35.872520003467798,555,,,,,,,,,,,,
436,TITO SODRE,63,SIM,-7.226809021085501,-35.872079031541944,550,555,,,,,,,,,,,
437,CAMPO SALES,ABRIGO JOSE PINHEIRO,,-7.221770994365215,-35.873553995043039,003,303,055,505,555,,,,,,,,
438,MAXIMINIANO MACHADO,298,,-7.221141010522842,-35.872511034831405,003,303,055,505,555,,,,,,,,
439,ARRUDA CAMARA,116 - OPOSTO,,-7.217413997277618,-35.875546038150787,333,,,,,,,,,,,,
440,INDEPENDÊNCIA,432,,-7.224112981930375,-35.896144984290004,055,500,555,,,,,,,,,,
441,INDEPENDÊNCIA,112,,-7.224193029105663,-35.897775012999773,055,500,555,,,,,,,,,,
442,OSVALDO CRUZ,382,,-7.22491898573935,-35.900190006941557,555,,,,,,,,,,,,
443,OSVALDO CRUZ,505 - OPOSTO,SIM,-7.225269014015794,-35.901463972404599,555,,,,,,,,,,,,
444,OSVALDO CRUZ,785,SIM,-7.225742004811764,-35.903055025264621,555,,,,,,,,,,,,
445,OSVALDO CRUZ,EMBRAPA,SIM,-7.226902982220054,-35.907151009887457,555,,,,,,,,,,,,
446,OSVALDO CRUZ,1309 - OPOSTO,SIM,-7.227317970246077,-35.908436039462686,555,,,,,,,,,,,,
447,OSVALDO CRUZ,290,,-7.22719500772655,-35.911065023392439,555,,,,,,,,,,,,
448,FRANCISCO ROBERTO,472,,-7.227246975526214,-35.91285296715796,555,,,,,,,,,,,,
449,ASSEMBLEIA DE DEUS,468,,-7.225598003715277,-35.912424987182021,202,555,550,,,,,,,,,,
450,ASSEMBLEIA DE DEUS,279,,-7.219441998749971,-35.914385011419654,202,,,,,,,,,,,,
452,APRÍGIO VELOSO,UFCG,,-7.217199001461268,-35.909094018861651,909,303,020,263,202,222,055,500,505,555,,,
453,APRÍGIO VELOSO,UFCG,SIM,-7.217166982591152,-35.909002991393209,909,303,020,263,202,222,055,500,505,555,,,
454,APRÍGIO VELOSO,LAVA-JATO - OPOSTO,,-7.217154996469617,-35.910752965137362,909,303,020,263,202,222,055,500,505,555,,,
455,SAO VICENTE,831,,-7.221892029047012,-35.909257968887687,505,,,,,,,,,,,,
456,ABEL COSTA,427,,-7.220437014475465,-35.908637959510088,055,555,,,,,,,,,,,
457,APRÍGIO VELOSO,CANTINHO UNIVERSITARIO,SIM,-7.217435035854578,-35.90921999886632,903,263,303,505,555,020,222,500,300,,,,
459,APRÍGIO VELOSO,CABRAL,SIM,-7.216677982360125,-35.907176993787289,903,020,300,555,303,333,020,,,,,,
460,APRÍGIO VELOSO,LUCENA RACOES,SIM,-7.216170039027929,-35.904587991535664,903,020,300,555,303,333,020,,,,,,
461,JOSE AUGUSTO TRINDADE,76,,-7.214921973645687,-35.900409026071429,555,,,,,,,,,,,,
462,JOSE AUGUSTO TRINDADE,326A,SIM,-7.2127799782902,-35.899292975664139,555,,,,,,,,,,,,
463,JOSE AUGUSTO TRINDADE,407 - OPOSTO,,-7.211616989225149,-35.899094995111227,555,,,,,,,,,,,,
464,JOAO SUASSUNA,1313 - OPOSTO,SIM,-7.211536020040512,-35.897922031581402,555,,,,,,,,,,,,
465,SANTINA LEAO,98,,-7.210346963256598,-35.898574981838465,303,555,300,,,,,,,,,,
466,PROFESSOR BALBINO,10,,-7.209980003535748,-35.897869979962707,555,,,,,,,,,,,,
467,FRANCISCO BORGES DA COSTA,150,SIM,-7.207197966054082,-35.897271009162068,555,,,,,,,,,,,,
468,SAMUEL FERNANDES,331,,-7.205791985616088,-35.900703985244036,555,,,,,,,,,,,,
469,AGOSTINHO SANTOS,147,,-7.205198965966702,-35.90150797739625,555,,,,,,,,,,,,
470,ADALGISA RAMOS RAIA,192,,-7.203553011640906,-35.903405975550413,555,,,,,,,,,,,,
471,ADALGISA RAMOS RAIA,40 - OPOSTO,,-7.202500998973846,-35.902476003393531,555,,,,,,,,,,,,
472,MANOEL ALEXANDRINO DE ARAUJO,313,,-7.202958986163139,-35.901360958814621,555,,,,,,,,,,,,
473,MANOEL ALEXANDRINO DE ARAUJO,169,,-7.204435961320996,-35.901374034583569,555,,,,,,,,,,,,
474,SAO LUCAS,480,,-7.204622039571405,-35.900876987725496,555,,,,,,,,,,,,
475,CONDE DE MONTE CRISTO,154 - OPOSTO,SIM,-7.202651035040617,-35.897594969719648,555,,,,,,,,,,,,
476,SIQUEIRA CAMPOS,1045,,-7.215046025812626,-35.890061985701323,555,910,,,,,,,,,,,
477,MARQUES DO HERVAL,REDEPHARMA,,-7.218292001634836,-35.885136025026441,300,910,903,020,505,,,,,,,,
478,MARQUES DO HERVAL,ALUÍSIO CALCADOS,,-7.218111958354712,-35.885183969512582,300,910,903,020,505,,,,,,,,
479,SAO RAFAEL,389,,-7.203895999118686,-35.898248003795743,505,,,,,,,,,,,,
480,SAO LUCAS,480,,-7.204595971852541,-35.900886040180922,505,,,,,,,,,,,,
481,SAO LUCAS,738,,-7.204820020124316,-35.903331963345408,505,,,,,,,,,,,,
482,SAMUEL FERNANDES,377 - OPOSTO,SIM,-7.20579500310123,-35.900396034121513,505,,,,,,,,,,,,
483,FRANCISCO BORGES DA COSTA,337,,-7.206102032214403,-35.898727029561996,505,,,,,,,,,,,,
484,PROFESSOR BALBINO,235,,-7.208318039774895,-35.896787960082293,505,,,,,,,,,,,,
485,OLEGARIO MACIEL,481,,-7.210427010431886,-35.897933011874557,505,333,,,,,,,,,,,
486,JOAO SUASSUNA,1564,,-7.210559025406838,-35.900014992803335,505,,,,,,,,,,,,
487,FRANCISCO CALIXTO,521,,-7.211453039199114,-35.901616020128131,505,,,,,,,,,,,,
488,FRANCISCO CALIXTO,135,,-7.212257031351328,-35.901964036747813,505,,,,,,,,,,,,
489,JOSE AUGUSTO TRINDADE,199,SIM,-7.21381195820868,-35.899876020848751,505,,,,,,,,,,,,
490,ABEL COSTA,35,,-7.218054961413145,-35.908233029767871,550,505,,,,,,,,,,,
491,ABEL COSTA,567 - OPOSTO,SIM,-7.221237989142537,-35.908882962539792,550,505,,,,,,,,,,,
492,VINTE E SETE DE JULHO,569 - OPOSTO,SIM,-7.222891990095377,-35.911715961992741,505,055,222,,,,,,,,,,
493,VINTE E SETE DE JULHO,425 - OPOSTO,,-7.225925987586379,-35.912762023508549,055,505,222,,,,,,,,,,
494,FRANCISCO ROBERTO,43 - LATERAL,,-7.227363986894488,-35.912368996068835,505,,,,,,,,,,,,
495,FRANCISCO ROBERTO,84 - OPOSTO,,-7.227436993271112,-35.908818002790213,505,,,,,,,,,,,,
496,OSVALDO CRUZ,EMBRABA - OPOSTO,SIM,-7.227116972208023,-35.907361982390285,505,,,,,,,,,,,,
497,NILO PECANHA,889,,-7.224416993558407,-35.896641025319695,505,550,,,,,,,,,,,
498,BR-104 (SUL),POSTO DALLAS,,-7.287927009165287,-35.889921002089977,944,,,,,,,,,,,,
499,GAMA QUATRO,,,-7.290431018918753,-35.890875030308962,944,,,,,,,,,,,,
500,SEVERINO JOSE DE BRITO,,,-7.290073027834296,-35.892215967178345,944,,,,,,,,,,,,
501,JOANA ALVES DE MELO,55,,-7.289276998490095,-35.892965979874134,944,,,,,,,,,,,,
502,ANDRE DIAS PEREIRA,333,,-7.288257004693151,-35.893227998167276,944,,,,,,,,,,,,
503,ANDRE DIAS PEREIRA,IGREJA BATISTA,,-7.287242962047458,-35.89469600468874,944,,,,,,,,,,,,
504,ANDRE DIAS PEREIRA,PRACA,SIM,-7.286589005962014,-35.895603010430932,944,,,,,,,,,,,,
505,MAURILIO PACHECO DE BRITO,34A,SIM,-7.288119960576296,-35.896787038072944,944,,,,,,,,,,,,
506,FIRMINO LEOPOLDINO DA COSTA,99,,-7.287188982591033,-35.896357968449593,944,,,,,,,,,,,,
507,ANDRE DIAS PEREIRA,PRACA - OPOSTO,,-7.286650026217103,-35.895612984895706,944,,,,,,,,,,,,
508,ANDRE DIAS PEREIRA,226,,-7.287682006135583,-35.894128968939185,944,,,,,,,,,,,,
509,ANDRE DIAS PEREIRA,MERCADINHO GB,SIM,-7.288333028554916,-35.893218023702502,944,,,,,,,,,,,,
510,JOANA ALVES DE MELO,45,,-7.289149006828666,-35.893223974853754,944,,,,,,,,,,,,
511,GAMA QUATRO,120,,-7.290501007810235,-35.891573997214437,944,,,,,,,,,,,,
512,JOSEFINA DE SOUSA MONTENEGRO,237,,-7.295007035136223,-35.887922002002597,944,,,,,,,,,,,,
513,JOSEFINA DE SOUSA MONTENEGRO,458 - OPOSTO,,-7.296946020796895,-35.886711990460753,944,,,,,,,,,,,,
514,CARMELITA JOSE DOS SANTOS,86 - OPOSTO,,-7.298145974054933,-35.88301096111536,944,,,,,,,,,,,,
515,CARMELITA JOSE DOS SANTOS,180 - OPOSTO,,-7.297965008765459,-35.88111899793148,944,,,,,,,,,,,,
516,CARMELITA JOSE DOS SANTOS,177 - OPOSTO,,-7.297904994338751,-35.8811179921031,944,,,,,,,,,,,,
517,CARMELITA JOSE DOS SANTOS,86,,-7.298106998205185,-35.882904008030891,944,,,,,,,,,,,,
518,FELIPE GOMES DA COSTA,IGREJA,,-7.292924970388413,-35.888848034664989,944,,,,,,,,,,,,
519,FELIPE GOMES DA COSTA,118 - OPOSTO,SIM,-7.292839977890253,-35.889423033222556,944,,,,,,,,,,,,
520,BR-104 (SUL),LANCHONETE DA PEDRA,,-7.29027695953846,-35.890192994847894,944,,,,,,,,,,,,
521,BR-104 (SUL),LANCHONETE DA PEDRA,SIM,-7.290372010320425,-35.890197018161416,944,,,,,,,,,,,,
522,BR-104 (SUL),POSTO DALLAS - OPOSTO,,-7.287701033055782,-35.88975696824491,944,,,,,,,,,,,,
523,BR-104 (SUL),PARQUE DE EXPOSICOES,,-7.285144971683621,-35.889421021565795,944,,,,,,,,,,,,
524,BR-104 (SUL),PARQUE MOTEL,,-7.280093031004071,-35.888958005234599,944,,,,,,,,,,,,
525,ASSIS CHATEAUBRIAND,CAMPO SANTO,,-7.276055971160531,-35.888718031346798,944,,,,,,,,,,,,
526,ASSIS CHATEAUBRIAND,CONAB,,-7.271829983219504,-35.888215033337474,944,,,,,,,,,,,,
527,ASSIS CHATEAUBRIAND,CONAB - OPOSTO,,-7.271266970783472,-35.888278987258673,944,,,,,,,,,,,,
529,TRAVESSA DO JUA,6,,-7.256137970834971,-35.886216033250093,,,,,,,,,,,,,
530,TRAVESSA DO JUA,14,,-7.256189016625285,-35.886536976322532,,,,,,,,,,,,,
531,TAMBOR,358,,-7.254993002861738,-35.886691035702825,,,,,,,,,,,,,
532,TAMBOR,183,,-7.254568040370941,-35.886720037087798,,,,,,,,,,,,,
533,TAMBOR,233 - OPOSTO,,-7.252970030531287,-35.88668298907578,,,,,,,,,,,,,
534,TAMBOR,209 - VIZINHO,,-7.252746988087893,-35.886665973812342,,,,,,,,,,,,,
535,TAMBOR,103 - OPOSTO,,-7.251583999022842,-35.886872000992298,,,,,,,,,,,,,
536,TAMBOR,12,,-7.250843038782477,-35.887190010398626,,,,,,,,,,,,,
537,TRAVESSA VENEZUELA,RETIFICA PARAIBANA,SIM,-7.247374020516872,-35.886807041242719,,,,,,,,,,,,,
538,VINTE E QUATRO DE MAIO,916,,-7.242022007703781,-35.886046970263124,,,,,,,,,,,,,
539,VINTE E QUATRO DE MAIO,618,,-7.23952897824347,-35.886073037981987,,,,,,,,,,,,,
540,VINTE E QUATRO DE MAIO,592,,-7.23935597576201,-35.886077983304858,,,,,,,,,,,,,
541,VINTE E QUATRO DE MAIO,293 - OPOSTO,,-7.236644010990858,-35.885984022170305,,,,,,,,,,,,,
542,VINTE E QUATRO DE MAIO,255,,-7.236344022676349,-35.88595200330019,,,,,,,,,,,,,
544,PRUDENTE DE MORAIS,400 - OPOSTO,SIM,-7.233587969094515,-35.885191010311246,,,,,,,,,,,,,
546,PRUDENTE DE MORAIS,148,,-7.231603972613812,-35.88453303091228,,,,,,,,,,,,,
547,PRUDENTE DE MORAIS,163A,,-7.231288980692625,-35.884494977071881,,,,,,,,,,,,,
548,ASSIS CHATEAUBRIAND,300,,-7.230754969641566,-35.889254976063967,055,500,555,,,,,,,,,,
549,DUQUE DE CAXIAS,109,,-7.2235659789294,-35.897933011874557,055,500,,,,,,,,,,,
550,JOSE DE ALENCAR,ESTADUAL DA PRATA,,-7.221707040444017,-35.897802002727985,055,500,,,,,,,,,,,
551,JOSE DE ALENCAR,ATECEL,,-7.2211570199579,-35.899969981983304,055,500,,,,,,,,,,,
552,JOSE DE ALENCAR,1100,,-7.220536004751921,-35.902423029765487,055,500,,,,,,,,,,,
553,MARIA DE LOURDES CRISPIM LIMA,CONDOMINIO FORTALEZA,,-7.220196034759283,-35.905441017821431,500,,,,,,,,,,,,
554,EDMUNDO PEREIRA DE ASSIS,97,,-7.219038996845484,-35.905273966491222,500,,,,,,,,,,,,
555,ANTONIO JOAQUIM PEQUENO,258,,-7.218388980254531,-35.907483017072082,500,,,,,,,,,,,,
556,VINTE E SETE DE JULHO,PONTO DAS PLANTAS - OPOSTO,SIM,-7.217310983687639,-35.913812024518847,222,055,500,,,,,,,,,,
557,VINTE E SETE DE JULHO,CONFORTEL - OPOSTO,SIM,-7.220836998894811,-35.913502983748913,055,222,500,,,,,,,,,,
558,RICARDO WAGNER DA SILVEIRA PAZ,149 - OPOSTO,,-7.219827985391021,-35.912248967215419,500,550,,,,,,,,,,,
559,RICARDO WAGNER DA SILVEIRA PAZ,88 - OPOSTO,,-7.217694036662579,-35.912347035482526,500,550,,,,,,,,,,,
560,RODRIGUES ALVES,FIT ACADEMIA,,-7.217996036633849,-35.906547009944916,500,263,,,,,,,,,,,
561,RODRIGUES ALVES,CLINICA SANTA MARIA - OPOSTO,,-7.218352016061544,-35.904812039807439,500,263,,,,,,,,,,,
562,RODRIGUES ALVES,1183,,-7.219231026247144,-35.901131965219975,500,263,,,,,,,,,,,
563,JOSE DE ALENCAR,794 - OPOSTO,,-7.221396993845701,-35.899363970384002,500,550,,,,,,,,,,,
564,JOSE DE ALENCAR,238 - OPOSTO,,-7.222455041483045,-35.895116021856666,500,,,,,,,,,,,,
565,ANTENOR NAVARRO,310,,-7.221532026305795,-35.89433298446238,500,,,,,,,,,,,,
566,RODRIGUES ALVES,CASA DA PIZZA,,-7.221632022410631,-35.891829980537295,500,903,020,263,300,303,333,,,,,,
579,SEVERINO BEZERRA CABRAL,EXTRA,SIM,-7.234866041690111,-35.868728030472994,505,955,092,550,555,,,,,,,,
582,NILO PECANHA,446,,-7.219613995403051,-35.895453980192542,333,263,,,,,,,,,,,
583,NILO PECANHA,762,,-7.222660984843969,-35.896250009536743,550,,,,,,,,,,,,
584,PROFESSOR CARLOS FRANCISCO MEDEIROS DE ALMEIDA,MONTE CARMELO,,-7.221866967156529,-35.903104981407523,055,,,,,,,,,,,,
585,SANTA LUZIA,129,,-7.221846012398601,-35.905196014791727,055,,,,,,,,,,,,
586,SANTA LUZIA,48,SIM,-7.22195397131145,-35.905323000624776,055,,,,,,,,,,,,
587,SANTA LUZIA,187,,-7.223637979477644,-35.907965982332826,055,,,,,,,,,,,,
588,VINTE E SETE DE JULHO,300 - OPOSTO,SIM,-7.227355018258095,-35.913368035107851,055,222,,,,,,,,,,,
589,ALMEIDA BARRETO,2818 - OPOSTO,SIM,-7.229104992002249,-35.910236975178123,055,222,,,,,,,,,,,
590,ALMEIDA BARRETO,2588 - OPOSTO,SIM,-7.22919300198555,-35.908230012282729,055,222,,,,,,,,,,,
591,ALMEIDA BARRETO,2028 - OPOSTO,SIM,-7.229324011132121,-35.90591199696064,055,222,,,,,,,,,,,
592,ALMEIDA BARRETO,2026,,-7.22923600114882,-35.906249033287168,202,550,,,,,,,,,,,
593,ALMEIDA BARRETO,2524,,-7.229142962023616,-35.907578989863396,202,550,,,,,,,,,,,
594,ALMEIDA BARRETO,2706,,-7.229052018374205,-35.909290993586183,202,550,,,,,,,,,,,
595,ALMEIDA BARRETO,2848,,-7.228984963148832,-35.910473009571433,222,550,,,,,,,,,,,
596,APRIGIO VELOSO,1495 - OPOSTO,SIM,-7.216336000710726,-35.91620497405529,903,263,020,333,,,,,,,,,
597,PORTUGAL,255 - OPOSTO,,-7.214297018945217,-35.919752027839422,903,263,020,333,,,,,,,,,
598,BR-230,MASTODONTE,SIM,-7.197119984775782,-35.955746015533805,903,,,,,,,,,,,,
599,BENICIO FERNANDES,352 - SAO JOSE DA MATA,SIM,-7.180605959147215,-35.984829962253571,903,,,,,,,,,,,,
600,MONSENHOR SALES,LAVA JATO - SAO JOSE DA MATA,SIM,-7.184027032926679,-35.981542998924851,903,,,,,,,,,,,,
601,BR-230,CHURRASCARIA RECANTO DAS AGUAS,SIM,-7.186319986358285,-35.971540035679936,903,,,,,,,,,,,,
602,BR-230,5825,SIM,-7.188067026436329,-35.968804014846683,903,,,,,,,,,,,,
603,BR-230,4385,SIM,-7.195101035758853,-35.962180970236659,903,,,,,,,,,,,,
604,BR-230,3425,SIM,-7.199032986536622,-35.953638972714543,903,,,,,,,,,,,,
605,BR-230,ESCOLA MUNICIPAL MAURO LUNA,SIM,-7.200688999146223,-35.95268502831459,903,,,,,,,,,,,,
606,APRIGIO VELOSO,COLEGIO CARMELA VELOSO,SIM,-7.216616962105036,-35.915326969698071,903,,,,,,,,,,,,
608,BR-230,2105 - OPOSTO,SIM,-7.205248000100255,-35.950070964172482,903,,,,,,,,,,,,
609,BR-230,ESCOLA IRMA JOAQUINA SAMPAIO,SIM,-7.208444019779563,-35.946581996977329,903,,,,,,,,,,,,
610,RAFAELA SOUSA E SILVA,J.N. CARNES,SIM,-7.227204982191324,-35.951614994555712,903,,,,,,,,,,,,
611,RAFAELA SOUSA E SILVA,18,SIM,-7.225909978151321,-35.950433984398842,903,,,,,,,,,,,,
612,RAFAELA SOUSA E SILVA,28 - OPOSTO,,-7.224615979939699,-35.949206035584211,903,,,,,,,,,,,,
613,RAFAELA SOUSA E SILVA,54 - OPOSTO,SIM,-7.223359029740095,-35.94877302646637,903,,,,,,,,,,,,
614,RAFAELA SOUSA E SILVA,,,-7.220800034701824,-35.950849978253245,903,,,,,,,,,,,,
615,RAFAELA SOUSA E SILVA,,,-7.219862015917897,-35.951129011809826,903,,,,,,,,,,,,
616,ARISTIDES OLIMPIO MAIA,PRESIDIO DO SERROTAO,SIM,-7.216864982619882,-35.951015017926693,903,,,,,,,,,,,,
617,ARISTIDES OLIMPIO MAIA,9A - OPOSTO,,-7.214257959276438,-35.949135040864348,903,,,,,,,,,,,,
618,BR-230,828 - OPOSTO,SIM,-7.210505967959762,-35.940056014806032,903,,,,,,,,,,,,
619,BR-230,,SIM,-7.210646029561758,-35.933462977409363,903,,,,,,,,,,,,
620,BR-230,1479,SIM,-7.211549011990428,-35.930354967713356,903,,,,,,,,,,,,
621,BR-230,1365,SIM,-7.212834963575006,-35.92821397818625,903,,,,,,,,,,,,
622,BR-230,1016 - OPOSTO,,-7.213719002902508,-35.926401978358626,903,,,,,,,,,,,,
623,PORTUGAL,55,,-7.215509964153171,-35.918688029050827,263,903,020,303,300,222,,,,,,,
625,GETULIO VARGAS,1127,SIM,-7.216893984004855,-35.89512599632144,333,903,,,,,,,,,,,
626,GETULIO VARGAS,948 - OPOSTO,,-7.217282988131046,-35.893570985645056,333,903,,,,,,,,,,,
627,CARMELITA SILVA DE ARAUJO,373 - OPOSTO,,-7.254422027617693,-35.926071982830763,077,,,,,,,,,,,,
628,CARMELITA SILVA DE ARAUJO,664,,-7.253968985751271,-35.923545006662607,077,,,,,,,,,,,,
629,OTAVIO BATISTA CABRAL (TRAVESSA),ESCOLA MUNICIPAL,SIM,-7.253616023808718,-35.920275980606675,077,,,,,,,,,,,,
630,OTAVIO BATISTA CABRAL,808,,-7.255163993686438,-35.920744026079774,077,,,,,,,,,,,,
631,OTAVIO BATISTA CABRAL,DISTRIBUIDORA DE GAS,,-7.257075989618897,-35.920273968949914,077,,,,,,,,,,,,
632,OTAVIO BATISTA CABRAL,Q-7; L-7,,-7.258465038612485,-35.920030977576971,077,,,,,,,,,,,,
633,OTAVIO BATISTA CABRAL,Q-9; L-24,,-7.259447984397411,-35.919863004237413,077,,,,,,,,,,,,
634,PROJETADA,Q-I; MINI BOX JOSIENE,,-7.260277960449457,-35.921336961910129,077,,,,,,,,,,,,
635,PROJETADA,"Q-8, 529",SIM,-7.258158009499311,-35.922255031764507,077,,,,,,,,,,,,
636,PROJETADA,"Q-14, 390",,-7.257377989590168,-35.923956977203488,077,,,,,,,,,,,,
637,STENIO MOZART BEZERRA DE LIMA,451,,-7.255907971411943,-35.925798984244466,077,,,,,,,,,,,,
638,ARQUITETO RENATO AZEVEDO,194A - LATERAL,,-7.255286034196615,-35.927669992670417,077,,,,,,,,,,,,
639,LINDOLFO ALBUQUERQUE,524 - VIZINHO,,-7.252480024471879,-35.919980015605688,077,,,,,,,,,,,,
640,OTAVIO BATISTA CABRAL,80,,-7.249226002022624,-35.922614028677344,077,,,,,,,,,,,,
641,JOSE NOGUEIRA PEREIRA,46,,-7.248482024297118,-35.921980021521449,077,,,,,,,,,,,,
642,JOSE NOGUEIRA PEREIRA,7B,,-7.249849028885365,-35.921373004093766,077,,,,,,,,,,,,
643,JOSE NOGUEIRA PEREIRA,387 - OPOSTO,,-7.251349976286292,-35.920917028561234,077,,,,,,,,,,,,
644,APRIGIO NEPOMUCENO,1303,,-7.244185963645577,-35.900963991880417,245,,,,,,,,,,,,
645,APRIGIO NEPOMUCENO,1247,,-7.243973985314369,-35.899059036746621,245,111,,,,,,,,,,,
646,APRIGIO NEPOMUCENO,97 - OPOSTO,,-7.242804039269686,-35.889016008004546,245,,,,,,,,,,,,
647,APRIGIO NEPOMUCENO,33,,-7.242712005972862,-35.888413013890386,245,,,,,,,,,,,,
648,UMBURANAS,40,,-7.249074038118124,-35.924364002421498,245,222,,,,,,,,,,,
649,UMBURANAS,200,,-7.247737962752581,-35.924937995150685,245,222,,,,,,,,,,,
650,UMBURANAS,AGILDO MAGAZINE,,-7.246482018381357,-35.925446022301912,245,222,,,,,,,,,,,
651,JABUTICABEIRAS,133,,-7.245381977409124,-35.924452012404799,245,222,,,,,,,,,,,
652,JAMILA ABRAAO JORGE,ESCOLA SEVERINO CABRAL,SIM,-7.24270798265934,-35.923477029427886,245,222,,,,,,,,,,,
653,AVELOZES,64,,-7.240982986986637,-35.924006011337042,245,222,022,,,,,,,,,,
654,PLINIO LEMOS,MATERIAL DE CONSTRUCAO,SIM,-7.239052969962359,-35.923218028619885,245,222,022,,,,,,,,,,
655,PLINIO LEMOS,MERCADO DAS MALVINAS - OPOSTO,,-7.236614003777504,-35.924213966354728,245,222,660,,,,,,,,,,
656,PLINIO LEMOS,PIRAMIDAL BAR - OPOSTO,SIM,-7.234399002045393,-35.925132036209106,660,222,245,,,,,,,,,,
657,PLINIO LEMOS,380 - OPOSTO,SIM,-7.231712015345693,-35.926256971433759,660,245,263,222,,,,,,,,,
658,LEONARDO COSTA VASCONCELOS,07,,-7.230767039582133,-35.924979988485575,660,222,245,263,,,,,,,,,
659,LEONARDO COSTA VASCONCELOS,RESTAURANTE VITORIA - OPOSTO,,-7.230428997427225,-35.924114976078272,660,222,245,263,,,,,,,,,
660,GUARABIRA,VERA CABELEREIRA - OPOSTO,,-7.230516001582146,-35.922558959573507,660,222,245,263,,,,,,,,,
661,SEBASTIAO MARTINS DE OLIVEIRA,HAIR FLY - OPOSTO,SIM,-7.229632968083024,-35.92112397775054,660,222,245,263,,,,,,,,,
662,FLORIPEDES COUTINHO,558,SIM,-7.228069994598627,-35.921384990215302,245,263,,,,,,,,,,,
663,FLORIPEDES COUTINHO,1320 - OPOSTO,SIM,-7.22575600259006,-35.921478029340506,245,263,,,,,,,,,,,
664,FLORIPEDES COUTINHO,955,,-7.222713958472014,-35.921571990475059,245,263,,,,,,,,,,,
665,FLORIPEDES COUTINHO,807,SIM,-7.221236983314157,-35.92159696854651,245,263,,,,,,,,,,,
666,MANOEL JOAQUIM RIBEIRO,808 - OPOSTO,,-7.220421005040407,-35.921480040997267,245,,,,,,,,,,,,
667,MANOEL JOAQUIM RIBEIRO,CASA CIDE,,-7.22038596868515,-35.918918028473854,245,,,,,,,,,,,,
668,ENGENHEIRO LOURIVAL DE ANDRADE,109,,-7.218423010781407,-35.916775027289987,245,,,,,,,,,,,,
669,BRIGADEIRO EDUARDO GOMES,42 - OPOSTO,,-7.21159796230495,-35.90973598882556,245,,,,,,,,,,,,
670,DOMITILIA CABRAL DE CASTRO,ENTRADA UEPB,,-7.210270017385483,-35.911977980285883,245,303,300,,,,,,,,,,
671,UEPB,CCBS,SIM,-7.210509991273284,-35.915740029886365,245,303,300,,,,,,,,,,
672,UEPB,CCBS,SIM,-7.210400020703673,-35.915620001032948,333,,,,,,,,,,,,
673,UEPB,EDUCACAO FISICA,SIM,-7.2110600117594,-35.913565009832382,245,,,,,,,,,,,,
674,UEPB,,,-7.21041401848197,-35.91190698556602,245,333,,,,,,,,,,,
675,BRIGADEIRO EDUARDO GOMES,42,,-7.211734000593424,-35.909834979102015,245,,,,,,,,,,,,
676,CARLOS ALBERTO DE SOUZA,COMERCIO DE PEDRAS,,-7.217372003942728,-35.915800966322422,245,202,,,,,,,,,,,
677,CARLOS ALBERTO DE SOUZA,324,,-7.219083001837134,-35.915574990212917,245,202,,,,,,,,,,,
678,CARLOS ALBERTO DE SOUZA,394,,-7.22014800645411,-35.915349014103413,245,202,,,,,,,,,,,
679,MANOEL JOAQUIM RIBEIRO,208,,-7.220408013090491,-35.916476966813207,245,,,,,,,,,,,,
680,MANOEL JOAQUIM RIBEIRO,222,,-7.220316985622048,-35.919012995436788,245,,,,,,,,,,,,
681,MANOEL JOAQUIM RIBEIRO,808,,-7.220395021140575,-35.921432012692094,245,,,,,,,,,,,,
682,FLORIPEDES COUTINHO,906,,-7.222656961530447,-35.921653965488076,245,263,020,,,,,,,,,,
683,FLORIPEDES COUTINHO,420,,-7.226170990616083,-35.921507030725479,245,020,263,,,,,,,,,,
684,FLORIPEDES COUTINHO,553A,,-7.228059014305472,-35.921423966065049,245,263,,,,,,,,,,,
685,SEBASTIAO MARTINS DE OLIVEIRA,1120A - OPOSTO,,-7.229641014710069,-35.921181980520487,066,202,245,263,,,,,,,,,
686,GUARABIRA,MONT MOVEIS,,-7.230509966611862,-35.922659039497375,066,202,245,263,,,,,,,,,
687,LEONARDO COSTA VASCONCELOS,MINI BOX,,-7.230437966063619,-35.924239028245211,066,202,245,263,,,,,,,,,
688,PLINIO LEMOS,380,SIM,-7.231869008392096,-35.926228975877166,066,202,245,263,,,,,,,,,
689,PLINIO LEMOS,PIRAMIDAL BAR,,-7.234150981530547,-35.925324987620115,202,245,263,,,,,,,,,,
690,OLINDA,86A,,-7.234903005883098,-35.926726022735238,660,245,263,,,,,,,,,,
691,OLINDA,162,,-7.235225960612297,-35.927585000172257,660,245,263,,,,,,,,,,
692,SANTAREM,314,,-7.234239997342229,-35.928237028419971,660,245,263,,,,,,,,,,
693,GARANHUNS,65 - OPOSTO,SIM,-7.233785027638078,-35.92918099835515,660,245,263,,,,,,,,,,
694,GARANHUNS,235 - OPOSTO,,-7.234463039785624,-35.930842962116003,660,245,263,,,,,,,,,,
695,MARIA DA GUIA MUNIZ ALBUQUERQUE,700,,-7.233656030148268,-35.931686013936996,660,245,263,,,,,,,,,,
696,MARIA DA GUIA MUNIZ ALBUQUERQUE,850,,-7.232580967247486,-35.931883994489908,660,245,263,,,,,,,,,,
697,MARIA DA GUIA MUNIZ ALBUQUERQUE,1090,,-7.230721022933722,-35.931958006694913,660,245,263,,,,,,,,,,
698,MARIA DA GUIA MUNIZ ALBUQUERQUE,THIAGO CABELEREIRO,SIM,-7.229338008910418,-35.931799001991749,660,245,263,,,,,,,,,,
699,MARIA DA GUIA MUNIZ ALBUQUERQUE,112B,,-7.227298021316528,-35.931590041145682,660,245,263,,,,,,,,,,
700,CAICO,PONTO FINAL,,-7.225706968456507,-35.931733958423138,245,263,066,660,,,,,,,,,
701,CAICO,20,,-7.22674397751689,-35.930262012407184,660,245,263,,,,,,,,,,
702,CAICO,PANIFICADORA,SIM,-7.228990998119116,-35.928530981764197,660,245,263,,,,,,,,,,
703,CAICO,ESCOLA CARLOS DRUMOND DE ANDRADE,SIM,-7.231217985972762,-35.927347037941217,660,245,263,,,,,,,,,,
704,PLINIO LEMOS,MERCADO DAS MALVINAS,SIM,-7.236209996044636,-35.924487970769405,202,245,066,,,,,,,,,,
705,PLINIO LEMOS,EXPRESSO LONDRES,,-7.239298978820443,-35.92320503666997,245,202,220,,,,,,,,,,
706,AVELOZES,128,,-7.240939987823367,-35.924108019098639,245,202,220,,,,,,,,,,
707,JAMILA ABRAAO JORGE,195,SIM,-7.24242702126503,-35.923642991110682,245,202,,,,,,,,,,,
708,JAMILA ABRAAO JORGE,17,,-7.244312027469277,-35.922872023656964,245,202,,,,,,,,,,,
709,JABUTICABEIRAS,LANA CABELEREIRAS,,-7.245173016563058,-35.924371965229511,245,202,,,,,,,,,,,
710,UMBURANAS,IGREJA CONGREGACIONAL,,-7.24648604169488,-35.925483992323279,245,202,,,,,,,,,,,
711,UMBURANAS,04,,-7.248776983469725,-35.924548991024494,245,202,,,,,,,,,,,
712,MANOEL LEONARDO GOMES,677 - OPOSTO,,-7.245612982660532,-35.896905977278948,111,245,,,,,,,,,,,
713,MANOEL LEONARDO GOMES,886 - VIZINHO,,-7.247367985546589,-35.896696010604501,111,245,,,,,,,,,,,
714,MANOEL LEONARDO GOMES,03 - OPOSTO,,-7.249938966706395,-35.89641303755343,111,245,,,,,,,,,,,
715,MANOEL LEONARDO GOMES,1180,,-7.251532031223178,-35.896153030917048,111,245,,,,,,,,,,,
716,DOUTOR VENTURA,17 - OPOSTO,,-7.252048021182418,-35.895435037091374,111,245,,,,,,,,,,,
717,JOSE FIRMINO DA SILVA,1357,,-7.251633033156395,-35.894736992195249,111,245,,,,,,,,,,,
718,PROFESSOR ARIEL DE OLIVEIRA,445,,-7.250495022162795,-35.89446097612381,111,245,,,,,,,,,,,
719,GETULIO CAVALCANTE,1551,,-7.248332994058728,-35.893814982846379,111,245,,,,,,,,,,,
720,GETULIO CAVALCANTE,1071,,-7.243864014744759,-35.894302977249026,111,245,,,,,,,,,,,
722,GETULIO CAVALCANTE,1730 - OPOSTO,,-7.249989006668329,-35.893599987030029,111,245,,,,,,,,,,,
723,LUIZ SODRE FILHO,435,,-7.244320996105671,-35.877939993515611,004,,,,,,,,,,,,
724,LUIZ SODRE FILHO,01 - OPOSTO,SIM,-7.24455401301384,-35.87570495903492,004,,,,,,,,,,,,
725,LUIZ SODRE FILHO,18 - OPOSTO,,-7.244596006348729,-35.874790996313095,004,,,,,,,,,,,,
726,CONSUL JOSEPH NOUJUAIN HABIB NACAD,CEDUC - OPOSTO,,-7.229449991136789,-35.879935976117849,444,004,,,,,,,,,,,
727,ANTONIO GUEDES DE ANDRADE,103 - VIZINHO,,-7.227818034589291,-35.880234036594629,004,,,,,,,,,,,,
728,PAULO DE FRONTEIN,SESC - OPOSTO,SIM,-7.227791966870427,-35.88231903500855,004,,,,,,,,,,,,
729,VILA NOVA DA RAINHA,COLEGIO 11 DE OUTUBRO,,-7.22036199644208,-35.879335999488831,444,004,944,903,,,,,,,,,
730,VILA NOVA DA RAINHA,141,,-7.221836959943175,-35.878208968788385,444,004,944,903,955,,,,,,,,
731,VILA NOVA DA RAINHA,23 - VIZINHO,,-7.222623014822602,-35.877588959410787,444,044,944,903,955,,,,,,,,
732,JOAO FLORENTINO DE CARVALHO,VIALUZ - OPOSTO,,-7.224335018545389,-35.876784967258573,055,092,444,955,,,,,,,,,
733,OTACILIO NEPOMUCENO,OC CONTABILIDADE - OPOSTO,,-7.229913007467985,-35.87634801864624,004,,,,,,,,,,,,
734,OTACILIO NEPOMUCENO,AUTOMOTIVA - OPOSTO,SIM,-7.231164006516337,-35.875320984050632,004,,,,,,,,,,,,
735,OTACILIO NEPOMUCENO,490,,-7.232483988627791,-35.87424399331212,004,,,,,,,,,,,,
736,DOUTOR JOAO PEQUENO,32,,-7.233873037621379,-35.876737022772431,004,,,,,,,,,,,,
737,LUIZ SODRE FILHO,12,,-7.244528029114008,-35.874537024646997,004,,,,,,,,,,,,
738,LUIZ SODRE FILHO,276,,-7.244337005540729,-35.876901978626847,004,,,,,,,,,,,,
739,VALDEMIRA EMILIA PINTO,57,,-7.242151005193591,-35.879685021936893,004,,,,,,,,,,,,
740,VALDEMIRA EMILIA PINTO,20,,-7.242128038778901,-35.879564993083477,004,,,,,,,,,,,,
741,VALDEMIRA EMILIA PINTO,200 - VIZINHO,,-7.242229962721467,-35.881874961778522,004,,,,,,,,,,,,
742,VALDEMIRA EMILIA PINTO,201 - VIZINHO,,-7.242247983813286,-35.881776977330446,004,,,,,,,,,,,,
743,APRIGIO FERREIRA LEITE,265 - OPOSTO,,-7.24395596422255,-35.882134968414903,004,,,,,,,,,,,,
744,APRIGIO FERREIRA LEITE,392,,-7.245232025161386,-35.882132034748793,004,,,,,,,,,,,,
745,ALDERICO PESSOA DE OLIVEIRA,MERCADO NOVA OLINDA,,-7.246636999770999,-35.8842539973557,004,,,,,,,,,,,,
746,ALDERICO PESSOA DE OLIVEIRA,795 - OPOSTO,,-7.249334966763854,-35.884023997932673,004,,,,,,,,,,,,
747,MANOEL ALVES DE OLIVEIRA,230 - OPOSTO,,-7.2504429705441,-35.884131034836173,004,,,,,,,,,,,,
748,MANOEL PAULINO,155 - OPOSTO,,-7.25235496647656,-35.885352026671171,004,,,,,,,,,,,,
749,VINTE E QUATRO DE MAIO,1673 - OPOSTO,,-7.252971958369017,-35.885775983333588,004,,,,,,,,,,,,
750,VINTE E QUATRO DE MAIO,1869 - OPOSTO,,-7.254261011257768,-35.885755028575659,044,,,,,,,,,,,,
751,VINTE E QUATRO DE MAIO,SO TURBINAS - OPOSTO,,-7.255810992792249,-35.885697025805712,004,,,,,,,,,,,,
752,SEVERINO GONCALVES DE MENEZES,118,,-7.255844017490745,-35.884861014783382,004,,,,,,,,,,,,
753,JOAO WALLIG,AMERICAN FLEX,,-7.257115971297026,-35.88399600237608,004,,,,,,,,,,,,
754,JOAO WALLIG,TESS,,-7.256604004651308,-35.879541020840406,004,,,,,,,,,,,,
755,RITA ALVES RAMOS,772,,-7.256088014692068,-35.884013017639518,044,,,,,,,,,,,,
756,VINTE E QUATRO DE MAIO,1879,,-7.254385985434055,-35.885698031634092,004,,,,,,,,,,,,
757,MANOEL PAULINO,275,,-7.25192598067224,-35.885357977822423,004,,,,,,,,,,,,
758,MANOEL ALVES DE OLIVEIRA,98,,-7.250823006033897,-35.885422015562654,004,,,,,,,,,,,,
759,ALDERICO PESSOA DE OLIVEIRA,642 - OPOSTO,SIM,-7.247812980785966,-35.884091975167394,044,,,,,,,,,,,,
760,HUMBERTO BATISTA LIMA,39,,-7.245686994865537,-35.882444009184837,044,,,,,,,,,,,,
761,APRIGIO FERREIRA LEITE,404 - OPOSTO,,-7.245345013216138,-35.882027009502053,044,,,,,,,,,,,,
762,APRIGIO FERREIRA LEITE,265D,,-7.24365396425128,-35.882026003673673,004,,,,,,,,,,,,
763,LUIZA BEZERRA MOTTA,666,,-7.238247971981764,-35.881915027275681,004,,,,,,,,,,,,
764,LUIZA BEZERRA MOTTA,MOTIVA,SIM,-7.238413011655211,-35.882294978946447,004,,,,,,,,,,,,
765,APRIGIO NEPOMUCENO,445,,-7.243138980120421,-35.891872979700565,245,111,,,,,,,,,,,
766,XV DE NOVEMBRO,TV PARAIBA,,-7.196017010137439,-35.895809037610888,910,,,,,,,,,,,,
767,DINAMERICA ALVES CORREA,1167 - VIZINHO,,-7.244156962260604,-35.911146998405457,202,220,,,,,,,,,,,
768,DINAMERICA ALVES CORREA,365,,-7.240857006981969,-35.910841980949044,202,220,,,,,,,,,,,
769,DINAMERICA ALVES CORREA,INSS,SIM,-7.238936964422464,-35.91061701066792,202,220,400,,,,,,,,,,
770,DINAMERICA ALVES CORREA,1033,SIM,-7.237173998728395,-35.910435961559415,202,220,400,,,,,,,,,,
771,DINAMERICA ALVES CORREA,470,,-7.232331018894911,-35.910483989864588,022,222,,,,,,,,,,,
772,DINAMERICA ALVES CORREA,AUTOESCOLA SANTO ANDRE,SIM,-7.235858961939812,-35.910857990384102,022,222,,,,,,,,,,,
773,DINAMERICA ALVES CORREA,ARMAZEM DO CIMENTO,SIM,-7.237886041402817,-35.9110670350492,022,222,,,,,,,,,,,
774,DINAMERICA ALVES CORREA,THERMO INJET,SIM,-7.240117974579334,-35.911299968138337,022,222,,,,,,,,,,,
775,DINAMERICA ALVES CORREA,ESCOLA JARDIM MARAVILHA,,-7.241653958335519,-35.911460984498262,022,202,,,,,,,,,,,
776,DINAMERICA ALVES CORREA,JC ROCHA,SIM,-7.244628025218844,-35.911710010841489,022,202,,,,,,,,,,,
777,ENFERMEIRA MARIA DE LOURDES SILVA,359 - OPOSTO,,-7.238157028332353,-35.901738982647657,404,,,,,,,,,,,,
778,RUA DO SOL,1093 - VIZINHO,SIM,-7.23312696442008,-35.905368011444807,444,,,,,,,,,,,,
779,ALMEIDA BARRETO,FUNDICAO CENTENARIO - OPOSTO,SIM,-7.229560967534781,-35.901553994044662,444,,,,,,,,,,,,
780,ALMEIDA BARRETO,1524,SIM,-7.229389976710081,-35.898305000737309,444,,,,,,,,,,,,
781,NILO PECANHA,1287,,-7.227535983547568,-35.897409981116652,444,,,,,,,,,,,,
782,NILO PECANHA,1287 - OPOSTO,,-7.227548975497484,-35.897477958351374,404,,,,,,,,,,,,
783,ALMEIDA BARRETO,1524,,-7.229200964793563,-35.898115988820791,404,,,,,,,,,,,,
784,ALMEIDA BARRETO,1750 - VIZINHO,,-7.229434987530112,-35.900210961699486,404,,,,,,,,,,,,
785,ALMEIDA BARRETO,FUNDICAO CENTENARIO,,-7.229458037763834,-35.901608979329467,404,,,,,,,,,,,,
786,ALMEIDA BARRETO,IGREJA DOS MORMAOS,SIM,-7.229413026943803,-35.901949033141136,404,,,,,,,,,,,,
787,ALMEIDA BARRETO,1502,,-7.229164000600576,-35.897935023531318,404,,,,,,,,,,,,
788,TEIXEIRA DE FREITAS,ESTADIO PRESIDENE VARGAS,,-7.226514983922243,-35.895272009074688,404,,,,,,,,,,,,
789,SERGIPE,IGREJA,,-7.23314699716866,-35.891103018075228,444,,,,,,,,,,,,
790,SERGIPE,615,,-7.233724007382989,-35.89100101031363,444,,,,,,,,,,,,
791,SANTA CATARINA,949,,-7.239133017137647,-35.890987012535334,111,,,,,,,,,,,,
792,GETULIO CAVALCANTE,07,,-7.235415978357196,-35.895300004631281,444,,,,,,,,,,,,
793,MINAS GERAIS,GINASIO COLEGIO CACILDIVA,,-7.230488006025553,-35.892240023240447,404,,,,,,,,,,,,
794,MARTINS JUNIOR,345,,-7.231523003429174,-35.889781024307013,404,,,,,,,,,,,,
795,ASSIS CHATEAUBRIAND,ART DESIGN - VIZINHO,,-7.243154989555478,-35.887764003127813,944,,,,,,,,,,,,
796,LUIZA BEZERRA MOTTA,FUNDACAO SUELLEN CAROLINE,,-7.238135989755392,-35.880064973607659,004,,,,,,,,,,,,
797,MANOEL CARDOSO PALHANO,FACISA,SIM,-7.249601008370519,-35.870127975940704,004,,,,,,,,,,,,
798,MARIA DA GUIA COSTA FIGUEIREDO,101,,-7.248500967398286,-35.870216991752386,004,,,,,,,,,,,,
802,CHILE,123,,-7.244587959721685,-35.874795019626617,004,,,,,,,,,,,,
807,SEBASTIAO LOPES DE MENEZES,POSTO POLICIAL,,-7.214448982849717,-35.855906987562776,333,303,,,,,,,,,,,
808,PROJETADA,BAIRRO DA GLORIA,,-7.214858019724488,-35.853475984185934,333,303,,,,,,,,,,,
809,PROJETADA,BAIRRO DA GLORIA,,-7.213856969028711,-35.854707034304738,333,303,,,,,,,,,,,
813,SALVINO DE OLIVEIRA NETO,293,,-7.215061029419303,-35.871925977990031,333,,,,,,,,,,,,
815,PEDRO II,597,SIM,-7.219561021775007,-35.892828013747931,263,333,303,903,,,,,,,,,
817,MANOEL FELICIANO,767,,-7.238057032227516,-35.900200987234712,404,,,,,,,,,,,,
818,RAUL PEREIRA DA SILVA,UBSF,SIM,-7.25314998999238,-35.93459696508944,922,,,,,,,,,,,,
819,ZACARIAS RIBEIRO VASCONCELOS,270A,,-7.254256987944245,-35.934174014255404,922,,,,,,,,,,,,
820,ZACARIAS RIBEIRO VASCONCELOS,110,,-7.254591006785631,-35.933914007619023,922,,,,,,,,,,,,
821,RODOVIA RAIMUNDO ASFORA,ENTRADA DO VERDEJANTE,SIM,-7.252383967861533,-35.933589963242412,092,902,922,,,,,,,,,,
822,CONJUNTO MAJOR VENEZIANO,II,SIM,-7.270891964435577,-35.936436960473657,092,009,,,,,,,,,,,
823,CONJUNTO MAJOR VENEZIANO,III,SIM,-7.271533012390137,-35.936195980757475,092,009,,,,,,,,,,,
824,PETROPOLES,548,,-7.271795030683279,-35.93216797336936,092,009,,,,,,,,,,,
825,PETROPOLES,560,,-7.271658992394805,-35.932023972272873,092,009,,,,,,,,,,,
826,PETROPOLES,MINI-BOX DO SOL,,-7.270964970812202,-35.930474996566772,092,009,,,,,,,,,,,
827,TRES IRMAS,BAR DO DUDU,,-7.262589018791914,-35.921395970508456,090,009,092,,,,,,,,,,
828,APRIGIO VELOSO,264,,-7.216745037585497,-35.905278995633125,263,,,,,,,,,,,,
829,IARA AMARAL,48,,-7.241625040769577,-35.911818975582719,222,,,,,,,,,,,,
830,IARA AMARAL,142 - LATERAL,,-7.242395002394915,-35.913614965975285,222,,,,,,,,,,,,
831,ALAIDE DE ARAUJO MEDEIROS,64 - OPOSTO,,-7.243312988430262,-35.91403498314321,222,,,,,,,,,,,,
832,SEVERINO PEREIRA DE MELO,100,,-7.245475016534329,-35.913972035050392,202,,,,,,,,,,,,
833,IARA AMARAL,122 - LATERAL,,-7.2424700204283,-35.913622006773949,202,,,,,,,,,,,,
834,IARA AMARAL,48 - OPOSTO,,-7.241754038259387,-35.911925006657839,202,,,,,,,,,,,,
835,TRANQUILINO COELHO LEMOS,500,,-7.237362004816532,-35.917990989983082,022,,,,,,,,,,,,
836,JOSE AGOSTINHO DO NASCIMENTO,669 - OPOSTO,,-7.241079965606332,-35.917826034128666,022,,,,,,,,,,,,
837,TRANQUILINO COELHO LEMOS,IFPB,SIM,-7.240078998729587,-35.916682993993163,022,,,,,,,,,,,,
838,TRANQUILINO COELHO LEMOS,EMPRESA NACIONAL,,-7.237577000632882,-35.917726960033178,022,,,,,,,,,,,,
839,JOAO MACHADO,MAIOR,SIM,-7.221362041309476,-35.896127969026566,333,263,,,,,,,,,,,
840,DUQUE DE CAXIAS,549,SIM,-7.220638012513518,-35.897120973095298,333,263,,,,,,,,,,,
841,DUQUE DE CAXIAS,FEIRA DA PRATA,,-7.218454023823142,-35.896583022549748,333,263,,,,,,,,,,,
842,LUIZ MALHEIROS,175,,-7.212957004085183,-35.92565699480474,303,300,,,,,,,,,,,
843,MARIA GONCALVES DE MELO,DONA LINDU II,SIM,-7.209315989166498,-35.924153029918671,300,303,,,,,,,,,,,
844,MARIA GONCALVES DE MELO,251,,-7.209756039083004,-35.922862971201539,333,,,,,,,,,,,,
845,MARIA GONCALVES DE MELO,224,,-7.210000958293676,-35.921816993504763,333,,,,,,,,,,,,
846,MARIA GONCALVES DE MELO,214 - OPOSTO,SIM,-7.210128027945757,-35.921002021059394,300,303,,,,,,,,,,,
847,JUVENCIO ARRUDA,CCBS - UFCG,SIM,-7.210757005959749,-35.919256992638111,333,,,,,,,,,,,,
848,JUVENCIO ARRUDA,CCBS - UFCG - OPOSTO,SIM,-7.21071601845324,-35.919121038168669,300,303,,,,,,,,,,,
849,JUVENCIO ARRUDA,ACUDE DE BODOCONGO,,-7.211160007864237,-35.917290011420846,303,300,,,,,,,,,,,
850,FRANCISCO PINTO DE OLIVEIRA,REDENTORISTA,SIM,-7.209081966429949,-35.911351013928652,303,300,,,,,,,,,,,
851,FRANCISCO PINTO DE OLIVEIRA,REDENTORISTA - OPOSTO,SIM,-7.208750965073705,-35.911173988133669,333,,,,,,,,,,,,
852,FRANCISCO PINTO DE OLIVEIRA,16,,-7.207263009622693,-35.909745963290334,333,,,,,,,,,,,,
853,FRANCISCO PINTO DE OLIVEIRA,16 - OPOSTO,,-7.2069569863379,-35.909362994134426,303,300,,,,,,,,,,,
854,FRANCISCO PINTO DE OLIVEIRA,810,,-7.206344017758966,-35.908292960375547,333,,,,,,,,,,,,
855,FRANCISCO PINTO DE OLIVEIRA,,,-7.205803971737623,-35.907602962106466,303,300,,,,,,,,,,,
856,MINISTRO ALCIDES CARNEIRO,HOSPITAL DA FAP - PROXIMO,,-7.204827982932329,-35.906408959999681,333,,,,,,,,,,,,
857,MINISTRO ALCIDES CARNEIRO,79,,-7.205320000648499,-35.904767028987408,333,,,,,,,,,,,,
858,OLEGARIO MACIEL,1114,,-7.205998012796044,-35.903399018570781,300,303,,,,,,,,,,,
859,OLEGARIO MACIEL,1069,,-7.2066789586097,-35.902009969577193,333,,,,,,,,,,,,
860,OLEGARIO MACIEL,821,,-7.208257019519806,-35.899893958121538,333,,,,,,,,,,,,
861,OLEGARIO MACIEL,481,,-7.210438996553421,-35.897861011326313,333,505,,,,,,,,,,,
862,JOAO MAURICIO DE MEDEIROS,382 - OPOSTO,,-7.212024014443159,-35.897593041881919,333,,,,,,,,,,,,
863,FRANCISCO ROSA DE FARIAS,37,,-7.213102011010051,-35.897867968305945,333,,,,,,,,,,,,
864,CONDE D'EU,385F,,-7.215466964989901,-35.898406002670527,333,,,,,,,,,,,,
868,CAICO,ESCOLA CARLOS DRUMOND DE ANDRADE - OPOSTO,SIM,-7.231253022328019,-35.927262967452407,066,245,,,,,,,,,,,
870,CAICO,96 - OPOSTO,,-7.228851020336151,-35.92849301174283,066,263,245,,,,,,,,,,
872,CAICO,943 - OPOSTO,,-7.226555971428752,-35.930402996018529,066,263,245,,,,,,,,,,
875,SANTAREM,,,-7.233733981847763,-35.928427968174219,660,263,245,,,,,,,,,,
876,SANTAREM,NECAO BAR - OPOSTO,,-7.233778992667794,-35.928475996479392,660,263,245,,,,,,,,,,
877,JOAQUIM AMORIM JUNIOR,462,,-7.22637701779604,-35.922040035948157,020,,,,,,,,,,,,
878,VICENTE GOMES DE ALMEIDA,1192 - OPOSTO,,-7.225336991250515,-35.925953965634108,020,,,,,,,,,,,,
879,VICENTE GOMES DE ALMEIDA,775 - OPOSTO,,-7.221173029392958,-35.92589202336967,202,,,,,,,,,,,,
880,VICENTE GOMES DE ALMEIDA,735,,-7.22085895948112,-35.925834020599723,020,,,,,,,,,,,,
881,VICENTE GOMES DE ALMEIDA,617 - VIZINHO,,-7.218956016004086,-35.925779035314918,020,,,,,,,,,,,,
882,ARQUELAU DA COSTA GUIMARAES,101,,-7.218899019062519,-35.928972037509084,202,,,,,,,,,,,,
883,ARQUELAU DA COSTA GUIMARAES,150,,-7.218801034614444,-35.929471012204885,020,,,,,,,,,,,,
884,PLINIO LEMOS,2230,,-7.21778498031199,-35.929620964452624,020,,,,,,,,,,,,
885,ENGENHEIRO LOURIVAL DE ANDRADE,300,,-7.222154969349504,-35.916272029280663,222,,,,,,,,,,,,
886,ENGENHEIRO LOURIVAL DE ANDRADE,CENTRO AUTOMOTIVO - OPOSTO,,-7.2306979727,-35.916345035657287,660,,,,,,,,,,,,
887,ENGENHEIRO LOURIVAL DE ANDRADE,1835,,-7.231026040390134,-35.916199022904038,660,,,,,,,,,,,,
888,ENGENHEIRO LOURIVAL DE ANDRADE,1673,,-7.229240024462342,-35.914984988048673,066,263,,,,,,,,,,,
